Size,1st 0-dim birth mean,1st 0-dim birth var,1st 0-dim birth min,1st 0-dim birth max,1st 1-dim birth mean,1st 1-dim birth var,1st 1-dim birth min,1st 1-dim birth max,2nd 1-dim birth mean,2nd 1-dim birth var,2nd 1-dim birth min,2nd 1-dim birth max
3,0.09905527097433094,0.008487482534294231,7.841458515756017e-05,0.5059715654511163,0.33866443642428,0.02180553134450138,0.0606620863878749,0.7328403451441583,0.4774045281915833,0.02825865615159573,0.1247424847885866,0.9803474233714172
4,0.07039492197905445,0.004369837748907064,0.0001384206570638,0.3396118257168304,0.370363760245208,0.019360174333037643,0.0662733524300036,0.7110976872256216,0.4974182890555428,0.017880927221962738,0.0803922486093995,0.7997203173940877
5,0.041860921484605094,0.0017984200344019344,5.096252445047078e-06,0.2549088765384317,0.3574050064369938,0.01179205980295444,0.0868425459418099,0.6095632061686268,0.4713660722148989,0.013769687467026552,0.215179034250713,0.786868330630118
6,0.028286324119378144,0.0006635674145772368,0.0007045727759252,0.1204777656736713,0.36864394461216476,0.008201401617329117,0.1923616265290099,0.6275820848553927,0.4638359400482442,0.008633411876100748,0.2410087571921091,0.6974761835935487
7,0.02174337536096007,0.00041368675911556004,6.677548367528541e-05,0.0922102816931916,0.3660555820276856,0.01028623179752022,0.1399629263895838,0.6546811321108588,0.46272812456615986,0.009302976909245591,0.1904042070407776,0.7193750502126107
8,0.014828946407706562,0.0001227691697854547,6.569895995067743e-05,0.0526141058291321,0.39035993756256515,0.0074813163211932985,0.1688792595880237,0.6605875718871154,0.4701702418278695,0.007881391191839483,0.3053306916742357,0.7023571609426205
9,0.011296962660722592,0.00012735383508161556,1.9068216855933077e-05,0.0627832801587491,0.386034999373942,0.0049305898366873045,0.1905443218514316,0.5314839725099677,0.4481476311992566,0.005009906801884778,0.2728565272063614,0.6511423844338092
10,0.008605860332057924,7.547379335651876e-05,0.0001092524423764,0.045200348059093,0.36949156640266395,0.005801331576019689,0.2069133898935474,0.5922870075980393,0.44075586572409364,0.005821234472914879,0.2813826757301377,0.6654474811376072
11,0.008882844293086905,8.637599104617165e-05,4.6685628643960975e-05,0.0416800476227423,0.3863562254458042,0.004375752782407348,0.2634643429709877,0.5277581184886444,0.44897897077323706,0.004649036509167461,0.2892487956632024,0.599742793202488
12,0.007693576193564304,5.4380937296256307e-05,5.645454084546309e-06,0.0350864302687019,0.38373559789255074,0.003713841193454701,0.2201093033078758,0.5465190530187513,0.4436564461141952,0.004681240290491784,0.294598523650273,0.6373516348238663
13,0.006308351635822318,2.8069467961965895e-05,7.987647224028116e-05,0.0223258538961581,0.37957042961015175,0.00477759678885651,0.2545943714910641,0.5549755721675916,0.4399709448064588,0.00360271231151301,0.29608223044191,0.6059205057630137
14,0.005730556161469193,2.625363273489102e-05,9.774425163711076e-05,0.0239459950242773,0.3662059731128594,0.004270906968255041,0.2267021101183668,0.5459975737675394,0.4322778915343771,0.0032900172250403623,0.281093411988623,0.5877267599360109
15,0.004817443853375192,2.3424921916195174e-05,9.720503302834692e-05,0.0246420849184665,0.3772086325173447,0.003683697650501949,0.1917324152321519,0.5332829798132671,0.4326516485373503,0.0026393537959794665,0.3198706210146756,0.5654711223147265
16,0.003833173698036231,1.8066519596091572e-05,7.159222189234704e-05,0.0288075095338191,0.3883740053535643,0.0027364938509834074,0.2584732949761988,0.5150949006347367,0.44264262250742076,0.0024403307924846375,0.3178551146721908,0.565795439245931
17,0.0032540306006268492,9.178925787557888e-06,1.1831590596145247e-05,0.0164330779018907,0.38626850292501586,0.0024021424658236994,0.2437615187149809,0.4993430111761902,0.43647174837611524,0.0027952044542033315,0.3098974906452979,0.6057607832001476
18,0.0029939551311080797,8.194059936330699e-06,1.5995249029510106e-05,0.0109933706877205,0.38810049392398854,0.0019597164006849126,0.2673985432840681,0.5185256510915751,0.4335414096892186,0.001968177098534514,0.3412806704219209,0.5420900201589676
19,0.00269108731948964,7.69031856038553e-06,2.5799524645431227e-05,0.0120596587572925,0.3800696906539819,0.001786695888511501,0.2733261753735202,0.4699793139321807,0.4299355011330804,0.001921732063763353,0.3203161952687948,0.5409598446832111
20,0.0020001344444829723,3.878159095580293e-06,3.050901509316084e-06,0.0082661958981646,0.383706329426569,0.0019712163283277574,0.243915286693536,0.5114319566771044,0.424938325173372,0.0020315006511943145,0.3401710842711291,0.5369001637049248
21,0.0022457645317415917,4.4110059848645965e-06,8.061948888915538e-06,0.0104371706240434,0.3844199563675167,0.0012138786808457195,0.2745795332271012,0.4666085364096751,0.42698264723479673,0.0015057712942801848,0.3523293410718024,0.5326477720572744
22,0.002004272501969743,4.481039074180908e-06,2.4106266242274188e-05,0.0081342890156201,0.3882698747117492,0.0015110095448600724,0.2899470056548275,0.467359973811808,0.4308388412113014,0.0017673742264173575,0.3213408807347262,0.5453760697490072
23,0.001922856997064698,2.91194174885819e-06,1.1393641842882827e-05,0.0069895635031691,0.3904677081161143,0.001387441291992379,0.2968116681261444,0.4741019245010336,0.43095102036252364,0.001654852255708915,0.3514794900617738,0.5802746329954235
24,0.0017114854117597298,2.8607390352527057e-06,8.18986079653694e-06,0.0085841410500858,0.38611436511616737,0.0013237344412614512,0.2931764869252705,0.4809663982771136,0.42472326702021834,0.0013363235915784244,0.3320930587551378,0.5247974703234902
25,0.0015772350519389134,2.103898116537614e-06,2.9089643506230445e-06,0.0064964967134153,0.38445719823945396,0.0010495060770551092,0.3078438011036205,0.4520938489813488,0.42530625827012664,0.001050517524109319,0.3371939418812929,0.5167488047046811
26,0.001504536279362487,2.5801537235104926e-06,3.492699082707773e-05,0.009341571530828,0.39360889073255106,0.001226668560258934,0.3001973298683353,0.4615619012371776,0.42443068247373217,0.0012382052561197285,0.345955159383616,0.5175483651854794
27,0.0012402250925220564,1.237471893685148e-06,1.1309190892649925e-05,0.0065660358474338,0.387526295504234,0.0012663007469302058,0.3038945707625172,0.473788242158181,0.4222179069252139,0.0014625418735525369,0.3561924181440468,0.5581963530208217
28,0.0011880488625419152,1.6990370884080889e-06,1.6272688821095116e-05,0.0077801893984085,0.39052565551988894,0.0009960718806205804,0.2869514107327695,0.4692819774621621,0.4232301907003604,0.0009724287004633274,0.3533159984881786,0.5086869386917804
29,0.0013075106174111957,1.271947750452898e-06,7.093470633767751e-06,0.0041737884399883,0.3884968579847294,0.001200281215784709,0.3088267906006612,0.4733769085903699,0.42125061615095405,0.001333332234832992,0.343015178354227,0.5195943523553079
30,0.0008805656851773696,7.367520637905407e-07,9.558453217817232e-08,0.0046400916176742,0.3968168168544479,0.0009600825048399818,0.3165633031814606,0.4729423365863116,0.4232029428556523,0.0009559973524496416,0.353532616941605,0.5265928695256535
31,0.0010741405026286003,1.0253303129010537e-06,6.358796853178639e-06,0.005029280255134,0.3859355296081428,0.001397089048037159,0.2588395577058573,0.4736520805125217,0.4196511451826286,0.0013026145188082114,0.3488492308217559,0.5192534682345018
32,0.0010342916739939985,1.1216837434997333e-06,2.023945313056608e-05,0.0051436583591925,0.3869076499246812,0.0010069416640399694,0.3125416052124053,0.4782405686516162,0.4189337320699616,0.0010590301528875894,0.3417526621787771,0.4964745790362896
33,0.0011614531211247728,1.1887172640672717e-06,2.581088561426359e-05,0.0060748570561872,0.39014878612907133,0.0009175685568932558,0.326539977422859,0.443386943342128,0.41914750235505543,0.0008628034585813254,0.329628412838879,0.4764414435752884
34,0.0008827800062197772,8.471054872017459e-07,3.0147778735889474e-05,0.0043547712286629,0.3849926793389541,0.0009977568484739816,0.3195097397437382,0.4533170386957681,0.416681374352327,0.0011458189290027127,0.3432530495349619,0.5505459978870273
35,0.0008452955873899893,6.614905875305373e-07,3.755111934844457e-06,0.004472617324618,0.39318904054845,0.0007663187414931992,0.317495194501409,0.4505090597907952,0.41737922550014717,0.0006447129679263671,0.360004710801903,0.4783554705956755
36,0.0007523127351188864,5.513548203214839e-07,2.502643901114432e-06,0.0032879169940481,0.39519117702832074,0.0007468207130617021,0.2910733396682052,0.4453932804375503,0.42543795315222094,0.0009805022007591338,0.3490096698710972,0.4986656763626989
37,0.0006499246612887671,4.779728136152682e-07,3.3885788129905947e-06,0.0038352351480961,0.3937670454187843,0.0008647081124956618,0.2806250739538978,0.4738135841436913,0.4233774593708462,0.0008314167124499474,0.3554466400668453,0.5076918946031564
38,0.0005970980472739778,2.579426049864527e-07,1.269288753324993e-06,0.0020626108622427,0.39425500878988645,0.0006427011706228557,0.3308338422000142,0.4685337942846984,0.4233929794308854,0.0007574898252747084,0.3638015578270731,0.4988636771137181
39,0.0005751540288548862,2.7217575566648533e-07,5.546690543090094e-06,0.0027775767528808,0.39649756590292995,0.0008828670310650128,0.2740160973322613,0.4556691547775304,0.4241466441338354,0.0009832828053674405,0.3125644190919849,0.5265347139418814
40,0.0005147565528872008,2.906828013812007e-07,4.472241100561547e-06,0.0028864254217969,0.39279412946198294,0.0008626080979527043,0.3095921764319027,0.4692634976618171,0.4200451193651653,0.000711442420912796,0.3452968547030722,0.4874662482512746
41,0.000566075436424881,6.55296973126308e-07,6.873813654495464e-06,0.0065034710495422,0.3948443669749581,0.0006055447708176707,0.3386295341920625,0.4538351472171971,0.42041706877745705,0.0006731491456487709,0.3582455430250466,0.5038812306771738
42,0.0005315971217554472,3.760816666966382e-07,3.413170609367633e-06,0.0033285488346029,0.3903548055729409,0.0006286567398955112,0.3205719710323216,0.4484756319697729,0.4187299357324389,0.0007294358060614977,0.3515956448200594,0.5399505343005675
43,0.0005517056977232253,2.9119778816513546e-07,5.455750628158285e-06,0.0024801981656221,0.39361840343910254,0.0006784124905348726,0.3050462946303778,0.453672676967658,0.4213352111658496,0.0005691807323934292,0.3684079780031252,0.4851674484806145
44,0.0005043456643366489,3.082949356401053e-07,7.153193833930871e-07,0.0026541599308634,0.39565707178562654,0.0004949945029259595,0.3337991457762871,0.4455746058546341,0.4186249806814871,0.0005206227332040988,0.3652633643380463,0.4767945442801951
45,0.00038205391197647804,2.0324552405773621e-07,5.486383929831362e-06,0.0028376015381851,0.3992624614300635,0.0005737028755179146,0.3363210155736235,0.4565814876628682,0.419863914413749,0.000680289870829984,0.364117984408486,0.482846909955833
46,0.00048647650485248735,2.1528674983388644e-07,1.9881989138381684e-06,0.0019656611592377,0.3982340504694582,0.0005417393455079313,0.3485116630807813,0.4600488762681711,0.42194694245775244,0.0005615421885323834,0.3646670082265308,0.4831405443626393
47,0.00040552514756293844,1.451956111902931e-07,2.443864685175434e-06,0.0018038354507837,0.3930453723954666,0.0005354184621465846,0.3441613516866412,0.457799335010686,0.41875612045186933,0.0005824271097126144,0.3684841849210181,0.4845896272128933
48,0.0005009688596790557,2.1970412367287886e-07,2.629484968130757e-05,0.0025453166232821,0.3958957244929735,0.00044945188333203346,0.3378194948811593,0.4468485138481748,0.41985629426867893,0.0005740288546275851,0.3592707608039518,0.4786493737431797
49,0.0004231883372776401,1.899651870049352e-07,8.126654659212917e-06,0.0017839887910013,0.39502700049453926,0.00045751695121085725,0.3459456546360617,0.4490943696751143,0.4165735279052324,0.0004948583345110308,0.3600463816847786,0.4772097209719579
50,0.0004087884346035652,1.367289557219654e-07,1.468739471155445e-07,0.0019145778443327,0.397907683661378,0.0004501054334462528,0.3423951589859365,0.4436614261596349,0.41722241652461656,0.0003900964252362709,0.3643735628327142,0.4769833407071128
51,0.00035819979159330785,1.2536432586844996e-07,3.4703297679961054e-08,0.0016633942039154,0.3964633141526705,0.0004535616813104536,0.3473370008538712,0.4453697943384037,0.41792864102141203,0.0005027426291895677,0.3707355069109936,0.4765555920100877
52,0.0004581203914904647,1.634086507071386e-07,1.510797935644348e-06,0.0020736018290298,0.3954872465339108,0.0005282174139779155,0.3421154078447662,0.4432893516578963,0.41709708174665794,0.0004291842797280965,0.3672687556389514,0.4569744527154157
53,0.0003597745720855406,1.1435648321872005e-07,4.2916332332332274e-07,0.0016583536946815,0.39665957946059904,0.0003758065453895273,0.3496257116801466,0.4371442214686827,0.4178098868481688,0.0004740511169717669,0.3618680790236132,0.4852380216469095
54,0.00030991972501034963,5.538199693090983e-08,2.403656765848084e-07,0.0011673288626656,0.39506612515996004,0.0005684600668851985,0.3400367796924991,0.4571658983665804,0.4198906121752208,0.0007399602589893537,0.3462775094503877,0.4994045655492612
55,0.0002567146964339817,5.8888395467804195e-08,1.256694944884451e-06,0.0012007625130253,0.39495731290505326,0.000432009948647167,0.3433557229041327,0.4429031599894146,0.4163867898241418,0.00047039615924142163,0.3747623646957176,0.4706628416757434
56,0.0003177156913756801,8.686371139951977e-08,4.9630766669750415e-06,0.0017324755642817,0.3951790285004618,0.0005055812926480632,0.3288091255798765,0.4505035257969709,0.41690752852175705,0.0004626402988465737,0.3674617447648856,0.4881617252793859
57,0.0002752178527508983,7.01925255962061e-08,3.6038725634846e-06,0.0015784634322996,0.3984461690162817,0.000306305360755899,0.3620779426378624,0.4477507406379959,0.41609020630486676,0.00039785043136298005,0.3766384222622542,0.483472529445375
58,0.0003337368911497705,1.406584555827299e-07,1.5390400168735496e-06,0.0021767862620968,0.3968136763864252,0.00041936175844194216,0.3436257297115963,0.4413915499417872,0.41699298096895765,0.00042445186624681544,0.3705931903099081,0.4711380462173018
59,0.00027749337156150294,6.022783333040911e-08,1.4805563062214588e-06,0.0012066023138059,0.39547840942873935,0.0003941628853481448,0.3433226187755731,0.4367985441569798,0.41658876711175025,0.0003287916140809817,0.374349868292205,0.4555533366425851
60,0.0002871544205037356,1.0750582913686303e-07,1.109419316414062e-06,0.0019053624259266,0.3972205110706522,0.0003690335147503119,0.3495206959359928,0.4615898640287534,0.418092051663156,0.00039093114501628404,0.3730543976800946,0.4849120961158307
61,0.00028621754013612855,7.983044793701354e-08,3.053401127717237e-06,0.0013214885273153,0.40023423293895255,0.0004108630942603353,0.3498028723160682,0.4544950784308074,0.4200201662910444,0.0004184925736131396,0.3701737399087191,0.4816833541656836
62,0.0002702074553566985,5.879273946442254e-08,1.4072707378298688e-06,0.0011103149247448,0.3979901542638011,0.00035254630499328776,0.351743188767477,0.4450224257239588,0.4186816084706889,0.0004635352829049493,0.3697838143727279,0.4814092008216899
63,0.00021666460313551203,5.4725633144010816e-08,1.312909842732246e-06,0.0015338759420453,0.39802502887483304,0.0003570798357819615,0.3499150238552286,0.4515811953435341,0.41706219422660673,0.000359795915711156,0.3807407214935332,0.4597153109814264
64,0.0002629722756265524,5.158083564566792e-08,3.936770433532466e-06,0.0009516790989145,0.3968686376917326,0.0003238974597427227,0.341107731871211,0.4476538109575929,0.4163605309308606,0.00039724201429230797,0.3745192341217419,0.4658177549350727
65,0.00023056129029772873,7.233908093311317e-08,1.4681516335990352e-06,0.0017511031439519,0.3932847534987795,0.00034301377361540164,0.3385499543585183,0.4324068979971648,0.41226869329217775,0.0003174009982301587,0.3735003284074519,0.4519358455392931
66,0.00025004879764776815,5.167811342844894e-08,1.6652915365567011e-06,0.0010508236415698,0.3973520186794458,0.0003467471016671086,0.3562025131220181,0.4326316265998552,0.41245394614756864,0.0003463276359050901,0.3719185913043142,0.4656927550983348
67,0.0002323365983039895,5.568754508528111e-08,1.7738303828007671e-06,0.0012162290410556,0.3979178098682118,0.0003716895758684996,0.3455362711285997,0.452232916947792,0.41593363961773155,0.0003191204177423449,0.3664726457578368,0.4680750445705925
68,0.00020045189984947947,3.933478104005166e-08,2.4659613999666874e-06,0.0009812644917791,0.39777252557464415,0.00030080337353554596,0.3477650581156803,0.4319613038626639,0.41730169876356654,0.00038179482761714715,0.3669779639838569,0.4786033819749931
69,0.00024295008540475325,5.530738090792427e-08,3.735620062617073e-06,0.0010927260445614,0.39714254159384454,0.00031560108317795627,0.3541011108674224,0.437949593173367,0.4152153447535355,0.00025321620283575027,0.383395742922327,0.4511856762026391
70,0.00018148235889502544,3.1084184446480835e-08,1.4317465130142535e-06,0.0008179345171455,0.3994072206959584,0.0002999940304973948,0.3532943523574748,0.4401409375259745,0.4179653322703257,0.00032056831120457467,0.3809610267846074,0.4664238022340815
71,0.0001794766993342384,3.846311875472756e-08,2.951885310853441e-06,0.0008556203871254,0.40203883920518346,0.0003399106286629006,0.362833067458982,0.4571126650453461,0.4173953243830467,0.00027284533617585746,0.3838528731393228,0.4727069262068154
72,0.0001806893416704092,5.790380005268205e-08,8.911015829671243e-07,0.0015791765978263,0.3991470298603757,0.00023848601198528518,0.3579542846502762,0.4401825601228762,0.41491091477061703,0.00027409964815797443,0.3797210603609264,0.471145329650725
73,0.0001915579293664429,3.0703747368871986e-08,8.057659076632362e-07,0.0007499685645373,0.4002218588480298,0.000286224779392426,0.3478435902356863,0.446365539060684,0.41796077185819913,0.00026248887501494593,0.359706635615281,0.4593727002085515
74,0.00016639327360529636,2.2813030653349702e-08,5.66384630540373e-06,0.0007225850693968,0.4010501629754696,0.00020601854773610008,0.373531177937371,0.4381058907145845,0.41621706472423886,0.00023147938340303462,0.3746691756587847,0.4572542749186894
75,0.00017970574665543431,3.63403281207943e-08,7.377888148196732e-07,0.0013054676952486,0.40132968660215906,0.00020646402404991962,0.358201699188313,0.4483619443696822,0.4169939437990751,0.0002641954296996555,0.3828492833738557,0.4614696551695395
76,0.0001985297555236039,3.7099140544289705e-08,6.988691303444483e-08,0.0009644566286894,0.39938860273695687,0.00028135911694827573,0.3564241162864985,0.452118259059116,0.413820242277846,0.0002633127367655463,0.3776915311734274,0.459464849867981
77,0.0001610530903050673,3.437025366072386e-08,6.555805621699662e-07,0.000998709835688,0.39715248648470636,0.0002566068963882237,0.3482923957257379,0.426829110738177,0.4150195927884792,0.0002333285164147611,0.3717579028331604,0.4487413204898017
78,0.00014433389477343302,1.7047955290791986e-08,2.8214723890584992e-08,0.0007535494630653,0.399798698516199,0.00028527759599949174,0.3578978384388993,0.4340000512614388,0.4153379478473888,0.00032709788603930685,0.3716616425085073,0.493215935334626
79,0.00017107179720716323,2.3192885249123085e-08,2.744568093349109e-06,0.0007707020191308,0.3987616218371732,0.00027145357018507294,0.3559385827171063,0.4349686253979593,0.41580919228599056,0.0002842369411875892,0.3773823558287469,0.463554785713138
80,0.00016087320044458453,3.4300532565795106e-08,4.814971759081743e-07,0.0009575669573484,0.401614086144796,0.00024977319680950214,0.3517779203854275,0.4401212214636101,0.41572477816383224,0.00021102788196583952,0.3750397196174436,0.457578652829821
81,0.00016381940689961155,3.75131953130943e-08,1.0482927894628349e-06,0.001005172038528,0.3979592531446132,0.00021464252002886323,0.3582254721080439,0.4275604183388114,0.4139645703337815,0.0001887705025107435,0.3836292908959849,0.4439931425371015
82,0.0001538262656216895,2.2553128938605307e-08,8.383295901914779e-08,0.000615403485071,0.3951884046897256,0.00021696752100905403,0.3549679313708332,0.4305230898300444,0.41098712625381945,0.0002754864710875193,0.3683534362246679,0.4618037145713279
83,0.00013282879869546107,2.118829880156308e-08,1.265460926935802e-06,0.0008131862177284,0.3964415932730174,0.00021574194422552178,0.3629566669308769,0.4536853649146593,0.4120556276935976,0.00023440555163110319,0.3799265274611113,0.4707970124148147
84,0.00013775543948820466,1.7012646290291298e-08,1.1373634974942703e-06,0.000518135182394,0.3977720451314981,0.00023916210945493246,0.3582132316436335,0.4311547127423634,0.4136925121182056,0.0001715567757912277,0.3740697120563525,0.4446759432114311
85,0.00014630986162834342,1.8282611249334733e-08,8.41938962992117e-08,0.0006161860685532,0.4001261203557835,0.0002538775973868731,0.3599155672058163,0.4354511268757226,0.4143985780938035,0.00020173273869688238,0.3838621079586659,0.4567732094717961
86,0.0001548013617999051,2.4331868744987086e-08,6.897479333245471e-07,0.0007547182770542,0.4017275571042079,0.00021675036361995114,0.3595240622458339,0.44467022828551,0.41568924412344205,0.00018987465086869242,0.3849535097956768,0.4520635886219386
87,0.00012814593863337271,9.991562662846278e-09,2.4948996091289644e-08,0.0004937902121534,0.3996536940972439,0.00020350943444479616,0.3540219932529403,0.4310025192847809,0.4140807403882271,0.00019820970523529827,0.3811082371330904,0.4506543341025784
88,0.00014074507957924194,2.4401073650306393e-08,2.1446252773671404e-06,0.001073210409538,0.4007770398614467,0.000213394325882648,0.3602296193547326,0.4354127084542917,0.4142713358871798,0.00024437392641203865,0.3816953098314144,0.4602805616547971
89,0.0001229704301377171,1.499375708078245e-08,3.843896437816241e-07,0.0005880942606365,0.39980932734234415,0.0002523113628787069,0.3641504080633733,0.4407607128162721,0.4150028383102889,0.00020319387683335747,0.3762837742911737,0.4472461279007297
90,0.00010699656665598746,1.3130550066273807e-08,2.869911608360809e-06,0.0005242904654104,0.39720105184956106,0.00019593516459715513,0.3631596053363466,0.4287060658959479,0.41144099966906383,0.0001800171384850219,0.3740403963493356,0.4521448018602607
91,0.00013843102225609278,1.6710395491449785e-08,1.4880250549520468e-06,0.0005927561084768,0.3991082371163096,0.00014875471141590423,0.3731946042941069,0.4341458599527644,0.41320298404305583,0.0002016274397478604,0.3828764613602892,0.4593132535521481
92,0.0001307294896037988,2.086610670605937e-08,1.8370261289923922e-07,0.0008361999133651,0.4009368981436047,0.00017372788856491762,0.3655126594392728,0.4290455273934404,0.4131953072451066,0.00015583525544209657,0.3851294574999458,0.442081531982433
93,0.0001069587459471035,1.1651469658506272e-08,1.439159817984148e-07,0.0005572536051368,0.3988715711348606,0.00023980308892801577,0.3588111442539833,0.4381329186303622,0.41357109930863756,0.0002139217198507922,0.3800514333491283,0.4592079024669386
94,0.00010959013907131712,1.222745015513439e-08,1.1475580996567206e-07,0.0006584464897925,0.40114337577882786,0.00021616943840212615,0.3647963728746696,0.4314164310776334,0.41737313184839037,0.0002169221670294329,0.3845207229096321,0.4596593462901577
95,0.00012355501778280772,1.6156969872482337e-08,3.6574182238346964e-08,0.000569491776413,0.40173034396248114,0.0001723828731661927,0.3662832275796442,0.4331467444469137,0.41439972208232695,0.00016767174454567169,0.3756618895038353,0.4556188655348423
96,0.00013693214379789938,2.065442342155257e-08,1.6056468038483374e-06,0.0007682311121838,0.4001943819734855,0.0002322620544786351,0.348451836913768,0.4331520733144363,0.4138505127440438,0.00021107546668980575,0.3815076695665721,0.4552810201319888
97,0.00010616467756541417,1.1622361721019746e-08,2.582738075296298e-06,0.0006930187892933,0.4001572206680002,0.0001252779387043973,0.3711225652555934,0.4367085872370687,0.4132040254069708,0.00014183717530934442,0.3870474789741742,0.4433408296096507
98,0.00011715866815357707,1.4788218917087092e-08,1.28332399151887e-07,0.0007034803562205,0.3997775135269462,0.0001962299889652272,0.3588864984568951,0.4323931214732267,0.4143673287176127,0.0001903247923879281,0.3685074930239649,0.4523263416394016
99,0.00011389645172254119,1.5771728797511553e-08,1.2263634708853388e-06,0.0007164690919028,0.4018112278961087,0.00019396818798748713,0.369039249302639,0.4449042124628842,0.41573844937932825,0.00019046248262491225,0.3693538970602412,0.4462227719497058
100,0.00010214916332296605,1.190991124829239e-08,1.143632956779328e-06,0.0006820337914288,0.4030954154205548,0.0001715720798336047,0.3689930837746704,0.4291917595263499,0.4134197473295712,0.00016556479249407957,0.3837050752788,0.4448094499400935
101,9.671835999281906e-05,9.682790691467836e-09,2.6117091223021305e-07,0.0004900209254875,0.4019461208588263,0.000211814589518256,0.3652201841418881,0.4406270481088969,0.41470360627974834,0.00022547172020663113,0.3840292692067356,0.448344028764649
102,0.00010528738246048568,1.0134657984339427e-08,5.377127434424978e-07,0.000529269450831,0.4005502885893216,0.00012374031954785427,0.3722402387395688,0.4295564844444345,0.4123378320785789,0.00018352860890712993,0.3828251221434384,0.4536881597343565
103,7.949389577122283e-05,6.839935505284694e-09,1.6548883341460652e-06,0.0004637420933949,0.3983315299810398,0.00016993532177535164,0.365826725664938,0.4260807723539489,0.4115370847042819,0.00017196299301923033,0.3728062396312274,0.4468214683236651
104,9.231367227483028e-05,6.79178291057732e-09,1.6238480238239816e-07,0.0003843732421652,0.3997236843713917,0.0001369001443183278,0.372702065910333,0.4274306403219844,0.4135671115371193,0.0001640904899575764,0.3820513657842346,0.4541247742305767
105,9.48168532929746e-05,1.0411693471565057e-08,1.2072594560708083e-06,0.0004683973516996,0.4013877410095689,0.00013139593208390862,0.3656596632548792,0.4237913471143384,0.414547683052865,0.00014933219036709667,0.3902164562697903,0.4508861939515133
106,8.015012145465799e-05,7.946596422350652e-09,3.686175120698465e-07,0.0005604196415385,0.402940142911043,0.00014584547296420998,0.3673266429693116,0.4334929217401294,0.41425054875162437,0.00013510647173211457,0.3816738620398896,0.4370077428614713
107,7.670601549954747e-05,7.486268020619744e-09,4.712028048858841e-07,0.0004226395506681,0.399922077031296,0.00018946180365633615,0.3660821298608852,0.4366022771664398,0.41257370333000126,0.00018158335503965097,0.3685984021645292,0.4474633920763523
108,9.22141002739334e-05,6.765887320081508e-09,2.199533361002537e-07,0.0004327580673969,0.4035326154299989,0.00014373797772445872,0.3714637602151774,0.4363088006568358,0.413596509258749,0.000132405736912833,0.3886601408356878,0.4446808168177812
109,9.322418115003247e-05,9.628781166391148e-09,1.398163218424564e-06,0.0006015851283305,0.3997865629846777,0.0001525836920817358,0.3688666681703509,0.4347657108596917,0.4123425385604345,0.0001539079998909172,0.3837357444343512,0.4414500144901191
110,8.421629482363975e-05,8.232029802466762e-09,1.550902976599211e-06,0.0004224164260298,0.4000004776987341,0.00019044879041499148,0.3712096507229179,0.4321112463824778,0.4118664700894426,0.00019584623648870688,0.3825846576306654,0.4547392242804589
111,8.507423349210067e-05,9.364227314015775e-09,1.90802552979541e-07,0.0005774130566548,0.40292740079026956,0.0001416874041952904,0.373450409501129,0.4326139959096353,0.4156409814196568,0.00014866562397219547,0.3881693375690895,0.4492018829434359
112,8.170195043384256e-05,7.888659174194198e-09,6.762631786783047e-07,0.0004220785655528,0.4011276001417514,0.0001441677855770696,0.3594416536114166,0.4298991502173901,0.41358409456472756,0.00018123128038749777,0.3838650533135351,0.4468202742157482
113,7.702790973075784e-05,5.0685081342383896e-09,1.199239428428811e-06,0.0004892704647642,0.40340008642351316,0.00016895837144675847,0.367239855946004,0.4326736673280362,0.415884002872969,0.00017822832040534576,0.3914335551013554,0.4557190018187673
114,7.856513987793964e-05,6.306936686722224e-09,2.268098219015968e-06,0.0004551972007702,0.4012028174628324,0.0001319423911659887,0.3731756890945161,0.4276480966358333,0.4141876630622498,0.00018106818400492316,0.375759681485128,0.454618800431919
115,7.433178616449501e-05,5.905505345040075e-09,6.230719868938195e-07,0.0004483920383167,0.4008088197421075,0.0001475322089259783,0.366075511038222,0.4281017491199369,0.4130887620242025,0.00012861763808245697,0.3883055755823562,0.4432994013960575
116,7.634605067741636e-05,5.085232902304913e-09,5.608848187010906e-07,0.0003430568057598,0.40059298422450274,0.00014728865077570183,0.3691798491640526,0.4286265147404533,0.41311373049117783,0.0001321620432868583,0.3861612476516106,0.4379968147756887
117,7.418648464615015e-05,4.667080519976574e-09,3.2439605581746638e-06,0.0003197141619339,0.4026887535282407,0.000132276213646528,0.3682693548117423,0.4277257496205979,0.41388181495444437,0.00013181960425047087,0.3844198985569032,0.4419277654735143
118,7.329604833972367e-05,5.321534979488556e-09,5.932599583813314e-07,0.0004113029177407,0.40049118616178697,0.00014608106266217086,0.3748283611085278,0.4274412274431175,0.41294131454712657,0.00014294891661075548,0.3867474578033509,0.440744475671785
119,6.33507416030859e-05,3.400918359156839e-09,6.64808728068067e-08,0.0002650363958117,0.40302100930042406,0.00016778034937240703,0.3757444539135781,0.4376697375814543,0.4153896067263876,0.00013063649865222308,0.3929837952262547,0.4476053692017159
120,5.529003315952632e-05,3.36783175021705e-09,1.1227051428530643e-06,0.0003306062614623,0.3996958071009435,0.000141528982223373,0.3683774859026213,0.4343724026466617,0.4107214356462292,0.00013841094070083531,0.368488626021519,0.4365562687972857
121,7.579795706438012e-05,6.405340267631956e-09,1.3485824299497295e-06,0.0004494409330321,0.4015856177924681,0.00012120679210383144,0.371010414141656,0.4297941272249013,0.4149139849170205,0.00013013108804980125,0.3841871655025267,0.4439177592264008
122,6.921654657061091e-05,5.611325594832404e-09,1.1235998476077924e-06,0.0005150225938079,0.40192237806194336,0.0001329820343573836,0.3579460340566283,0.4305207978081471,0.4135854875287375,0.0001081718993314892,0.3786221498347962,0.4325017101707226
123,6.428335850280269e-05,3.781043488840225e-09,9.126052181729348e-07,0.000313138445861,0.4012663084099832,0.0001228355475368773,0.3662943724876863,0.4308853845980052,0.4126307605781004,0.0001221098944644368,0.3823568282633348,0.4523702309227734
124,5.435261176259421e-05,2.6103777315511724e-09,5.03865324685826e-07,0.0002535515438246,0.3991630440585913,0.0001071448874079267,0.371365875420244,0.4276407556934803,0.4107899100160642,0.00014283330373746135,0.3779861202737148,0.4441010308652051
125,6.844272681439021e-05,3.6322556831738492e-09,8.391599668478023e-07,0.0002975328839661,0.40210602233406717,0.00010340608011719091,0.3804563069637953,0.4294297672173285,0.4145364893579226,0.00011855261983397008,0.392606814569082,0.4462204104784023
126,6.338616497371117e-05,3.5102899000169273e-09,8.453531511465329e-07,0.000334772719476,0.40164407161731674,0.0001483954425167494,0.370839996749904,0.4448074482718903,0.41223008913208126,0.00014508125235628103,0.3857711062341463,0.4466750968112303
127,5.562452118056248e-05,3.0097563247380834e-09,7.250879356934803e-07,0.0002463292176542,0.40122782322334416,0.00011281485253481677,0.3694055199710992,0.4241512018648169,0.41257321034341954,0.00014583350737689074,0.3846253541343576,0.4485822647725533
128,5.65007346195337e-05,3.5454350352613506e-09,2.912871900351277e-07,0.000282020925043,0.40203404689098576,0.00013364416645406116,0.3784880580521237,0.4348382599555345,0.4139061245136094,0.00011070259973815841,0.3826101607614889,0.4509061445007151
129,5.9813240413019406e-05,2.7403010876001628e-09,2.248317225728158e-07,0.000290116812448,0.40107524539171957,0.00011726283495136815,0.3762700889021472,0.4275977129842816,0.4119222157643094,0.00015542150659032095,0.3860244335301342,0.4538716981229608
130,5.5183912896606734e-05,3.251603118925022e-09,4.3146632600077346e-08,0.0003642495101728,0.40145351584586914,0.000120660026451531,0.3717117292323428,0.4278823113857315,0.41239375746294465,0.00010281711602659639,0.3849329806324305,0.4399442230441612
131,6.697091512019736e-05,3.1548573229430355e-09,3.807819018986081e-07,0.0002479724865724,0.40080910168067496,0.00011744161182066034,0.3606939875710601,0.4227340657457098,0.41106655218009713,0.0001340770206935658,0.3845142788330945,0.4437454035466189
132,6.093090384134222e-05,5.099736093360251e-09,2.29874396184826e-08,0.0005061943717549,0.4029498914924931,0.00010588358566204341,0.3731323707454508,0.4309981622148,0.41314543585971886,9.241606716971683e-05,0.38959084608906,0.4384796321031506
133,5.587922235529483e-05,3.3642570191493565e-09,1.8681769919925986e-07,0.0002622117999157,0.4019864023163817,9.149246965001801e-05,0.3812727777662578,0.4306272517772892,0.4117165884477066,0.0001356488265900405,0.3825502414280564,0.4412300496024741
134,5.167495582976099e-05,2.597257200708617e-09,1.2527006876261737e-07,0.0002147130114338,0.40260717800181467,0.00012058799740426144,0.3756976124045248,0.4287665917463408,0.4153475532786628,0.00014886278740489005,0.3837922300248163,0.4660427303343256
135,5.7647577393187026e-05,2.5014434758536846e-09,1.5139758013926752e-06,0.000220245076966,0.40362649175199655,9.90504416541567e-05,0.3665470649335891,0.4228096692702452,0.41367097522706536,0.000115809578602331,0.3911464009268206,0.4515242688608375
136,3.9275230092336385e-05,1.2849967002889164e-09,2.422342509911246e-07,0.000155428804997,0.4017248248240645,0.00011166552826846079,0.3729081419455929,0.4327152585480149,0.4126119286336376,9.788339070250167e-05,0.3868862084286654,0.4346989436337254
137,5.358832581781742e-05,2.705018131772128e-09,3.8334634944181545e-07,0.0002015329128893,0.4002360411554099,0.00011461436212381207,0.3707044725099268,0.4341105570661175,0.40999959590525265,9.205301423171327e-05,0.3893458116869598,0.4341255143196086
138,6.111497713783134e-05,3.072148995652192e-09,1.7901370608086609e-07,0.0002767525477304,0.402845903265777,8.502692602286525e-05,0.3781013060065589,0.4225084354731769,0.4124502631042189,0.00010317423565892523,0.3825207538050645,0.441034419570477
139,4.6416699575480645e-05,1.9519841990970523e-09,1.453958000552369e-06,0.0001922803992751,0.40134817727471656,7.216699682684565e-05,0.3790763316170333,0.4198331631797739,0.4110929045807661,7.849183261100791e-05,0.393867687977677,0.4304185980344607
140,5.0598011802527806e-05,2.017711055276295e-09,4.091721081955768e-07,0.000233370067628,0.40002928204394506,0.000116561495136735,0.3737833140466985,0.430630001549767,0.41119816686538824,0.000126248994175035,0.3885738869554797,0.4458799581086338
141,5.6386678914555385e-05,2.274434003187709e-09,2.73933397854087e-06,0.0002128090695379,0.4018193286236598,0.0001024804886511501,0.376731833989039,0.4237624359682805,0.41078392026077215,9.719277091901729e-05,0.3825018089568288,0.4377264986184904
142,4.345281007137319e-05,1.401516168933102e-09,4.582428898558533e-07,0.0001897525916538,0.4026826228748009,0.00010043010051663588,0.3791251509536634,0.4339890164472998,0.412387954783742,0.0001194313851385317,0.3869797079578198,0.4390180366661785
143,5.326507047325149e-05,3.608751337486345e-09,5.565898633097532e-07,0.0004239949797365,0.40384082406324123,0.00011962315079476763,0.36882304715904,0.433913911499477,0.4140140602640099,0.00010521971537890662,0.3870376802635882,0.4403059908176592
144,5.601785891895586e-05,2.745489877573963e-09,2.9043530436201337e-07,0.0002772458317629,0.40289748427713745,9.161528138095869e-05,0.3719788674187857,0.4294936085907188,0.4131196179067701,8.196046701141314e-05,0.3875086768946333,0.4351266201125021
145,4.648523259132788e-05,2.612473330219187e-09,3.217920960807419e-07,0.0002589486249542,0.40347139294853945,0.00010339855342470617,0.3801056019347854,0.425747565263346,0.41238575811781425,8.642030908635466e-05,0.3897334741394597,0.4359192953931458
146,4.515887893141234e-05,2.4102753541400136e-09,4.231653952802006e-07,0.0002563407078995,0.40192442726948946,0.00012664939220896715,0.362262435340569,0.4238240938910163,0.4124929937525956,0.0001327041129906615,0.3905925028685659,0.4496367507859715
147,4.464232769644298e-05,1.9220489958519917e-09,5.192158483158238e-07,0.000203091914924,0.4006795750527426,0.00010493055601507429,0.3740599045597358,0.4260404345434005,0.41187792173888904,9.586014415373502e-05,0.3887011429526522,0.4417813724387232
148,5.22604213999183e-05,3.3279295912589864e-09,2.4684077104542013e-07,0.000351946085526,0.40278533743155864,9.297934602723745e-05,0.3714915698422952,0.4270685305095288,0.41288559768679794,0.0001136998072341541,0.3854503743596923,0.437401667035558
149,3.8960630782703285e-05,1.988608037875566e-09,2.199122195456482e-08,0.0001867635294482,0.4021738056246059,0.00010096832620033015,0.3765569131817504,0.4291336735127554,0.4116427957668281,9.689289342182261e-05,0.3856028667773004,0.436684405062544
150,5.492358976219099e-05,3.1633871381032904e-09,6.306033927261367e-07,0.0003178003539392,0.4027373455543472,9.051523716171435e-05,0.372869278572241,0.4245069825217393,0.4121096416926652,7.346771624855163e-05,0.3885125447623286,0.4363652617396054
151,4.3017525892336716e-05,1.7194086030993183e-09,2.903625327954629e-07,0.000180722604424,0.4034652262721849,8.373365863367831e-05,0.3762054061367483,0.4244684426762768,0.4138583164696601,0.00010003942341015758,0.3802875914985163,0.4360833435850992
152,4.346546401252143e-05,3.125272825935716e-09,4.4522022546455997e-07,0.0004059211252963,0.4019187695292397,9.141691064550695e-05,0.3769569019063417,0.4223082855369998,0.41095678018411447,0.00011418582959943691,0.3891587211126907,0.4427090787502917
153,4.300547512184273e-05,1.8555775314409586e-09,1.4144280147121438e-07,0.0001964347705731,0.40224963928615487,9.847119811235837e-05,0.3716320618831761,0.4327338504161186,0.41210070848960456,8.549207467085446e-05,0.3929720051478717,0.4466546472451108
154,3.941145395198761e-05,1.093923717238577e-09,1.1068972053385195e-06,0.0001511679773172,0.40019798499258796,0.00010548369837576426,0.3651474599404916,0.4207560426891507,0.41052826925294966,9.700839134709453e-05,0.3857314313908779,0.439758398776874
155,4.62234913256358e-05,1.6624211839323798e-09,4.92324446765835e-08,0.0002016459545586,0.40139034290849496,8.777482840831513e-05,0.3784684834760921,0.4304662806975137,0.41196833242809233,8.303409132902105e-05,0.3920872736274658,0.4361056158518555
156,3.875242204989019e-05,1.457946156891301e-09,5.790685811968288e-07,0.0002468069772928,0.40160123098615297,8.169956115545142e-05,0.3762494056466995,0.4211525414719883,0.41201937237660224,7.99733775047035e-05,0.3946392154595729,0.440296690830494
157,4.470495087266333e-05,1.6244521485937596e-09,2.4749843474669575e-07,0.0002349262684644,0.4014961237328254,8.387810025366236e-05,0.3776671334097227,0.4200669074205427,0.4106963406116032,9.634282027480832e-05,0.3910858102508038,0.4379812651383028
158,4.038258670873649e-05,1.3639670854469591e-09,8.498754975327927e-07,0.0001844767028849,0.4019453467642757,7.694857903465414e-05,0.378312742793256,0.4249040785605582,0.4112621169667702,9.579738291659515e-05,0.3900758286524883,0.4408441621491422
159,3.758251804931485e-05,1.334402361420714e-09,1.848621785649485e-07,0.0001843843530953,0.4041105908846145,8.433923110757629e-05,0.3820279973284121,0.4265659298609191,0.4124683474331302,8.073979584559396e-05,0.3919353665420402,0.4375969820946263
160,3.860854611015495e-05,1.2991307831074409e-09,1.4110478208095858e-07,0.0001616076353202,0.4011674167301691,8.333742252339441e-05,0.3751997106152012,0.4174164258859079,0.4118836724937956,8.105229874966582e-05,0.3818297654537929,0.4408078359759584
161,3.598922552896663e-05,8.642132855294949e-10,6.899086846257063e-08,0.0001393122279588,0.4014472131355005,9.372564890898e-05,0.3703966630577368,0.4301618672679679,0.4120152761912141,7.882940681575427e-05,0.3918041270049032,0.4339438761078973
162,3.7768815122562724e-05,1.3614978579730502e-09,6.502462014390531e-07,0.0001586185867089,0.4015416138724184,6.545102189234855e-05,0.3762709464081557,0.4207833960969298,0.413278295558778,6.969887466462147e-05,0.3935737089387768,0.4323092245852992
163,3.749558556836502e-05,1.5628791063114466e-09,2.718526068701266e-07,0.0001854575997811,0.4017557930272529,7.582903387170135e-05,0.3833219140617357,0.4252897313124805,0.4126586857495714,0.00010540650457016377,0.3891159105945936,0.440460198882099
164,3.1859781226352625e-05,9.34328908735347e-10,1.7945335850644287e-07,0.0001690866739546,0.4030795036808433,8.74271544963245e-05,0.3811177554662269,0.4261117596769874,0.4123207941620394,8.372276437833971e-05,0.3915466705154483,0.4332630761526409
165,4.077743388265187e-05,1.450683261293336e-09,5.519207668669424e-08,0.0002232848694667,0.40339415727957734,7.978043574848697e-05,0.3803515611137922,0.4208085835291175,0.41207097736952775,7.681861974029503e-05,0.3933514248772605,0.433674529777397
166,3.09576368506816e-05,8.353938906295794e-10,1.769147064401011e-07,0.0001364222312133,0.4014235629945288,6.264913538855798e-05,0.3757707274524554,0.4198785561813746,0.41163162933809205,6.88763820913628e-05,0.3815574099876772,0.4306955270631476
167,3.1613067162840174e-05,1.0282723517517075e-09,8.549968777415985e-08,0.0001754993491359,0.40296646723573337,8.16490726269406e-05,0.3787636221161552,0.4270283325440056,0.4113324246022334,9.320320193776658e-05,0.386295767651837,0.4411168067004261
168,4.022106332954377e-05,2.4180738676824883e-09,2.1852522125165308e-08,0.0003285932602991,0.4033814297041022,5.740469529393675e-05,0.3840655162423325,0.4218795259224639,0.41361172092302484,0.00010371431661073511,0.3935804828712368,0.451012185111174
169,3.169607697427596e-05,7.263367721593773e-10,1.1344408012980979e-07,0.0001148305612512,0.4032090732716857,6.604803238508863e-05,0.3848707817429277,0.4241381344122916,0.41136422322340604,7.562161475980715e-05,0.3936295437963891,0.4395475236484109
170,3.205929329573969e-05,6.901161423801256e-10,2.1191201793335782e-08,0.0001132554090615,0.4028565539299126,7.582149431924586e-05,0.3811374772838785,0.4202287478925165,0.41091008583339295,7.022976013439188e-05,0.3884391784867556,0.4305136716771424
171,3.2985235516486186e-05,1.1794871426708091e-09,1.0156666013783069e-06,0.0001742634005902,0.4026320665950765,8.33168991812856e-05,0.3780527899141304,0.4254341154038337,0.41190996910669087,9.409144270372245e-05,0.3934134016406011,0.4353530203298027
172,3.557486739099388e-05,1.1861252349512897e-09,4.587360074026492e-07,0.0001738564129203,0.40276237011360194,7.991827407673645e-05,0.381408996215861,0.4205703712194238,0.41285974026826755,8.756994206043804e-05,0.396321978929847,0.4442219369366846
173,3.553001695125822e-05,1.1113910039146907e-09,1.3160410228252317e-07,0.0001511847150352,0.40294491304825414,9.843766664352895e-05,0.3773782785200273,0.4353896273727865,0.41210290592100585,6.620085249633764e-05,0.39033495494403,0.4355804125618085
174,2.7801020881727022e-05,8.237269807196836e-10,1.0731429844756947e-07,0.0001564177238425,0.4023126969127952,8.791529723589326e-05,0.3746825025945689,0.4309486366478924,0.41209888295699576,7.303851377365738e-05,0.3906323197414462,0.4333879063029626
175,2.854660174049006e-05,5.633957265135184e-10,9.884651752667396e-08,9.425655235661969e-05,0.4037940626867966,7.410863158721341e-05,0.3778750718738625,0.4232999654737474,0.4119673649600162,7.291600637202246e-05,0.3915198270896448,0.4312874823486752
176,3.160269442741133e-05,1.0639619864750727e-09,4.3647666814194963e-07,0.0001790478263744,0.4038282995725372,7.545176534770463e-05,0.3795712779305155,0.4234748897829178,0.4129710186421204,7.275528142989807e-05,0.3926585991851621,0.4330611612508879
177,3.967358630235691e-05,1.5004342632595349e-09,2.3437427998374005e-07,0.000207777267456,0.4029595653126868,7.751290090421198e-05,0.3783153700859161,0.421384023678875,0.4128296298699981,6.63381281132343e-05,0.3850276054087671,0.4333914596060919
178,3.2729554889118816e-05,8.557224055212822e-10,2.7525422185981085e-07,0.0001288476630451,0.4028551604540466,9.369049941474557e-05,0.3786184561992275,0.4360167428243482,0.41215064831153714,8.855304654771007e-05,0.3912525717537811,0.4360427041526459
179,3.2667013653699926e-05,1.4902388149065172e-09,8.045497683628611e-07,0.0002822146496422,0.4033609762563885,6.869592499484911e-05,0.3789943037358997,0.4209622192922926,0.41280847163853357,8.492512059730465e-05,0.3917715231949256,0.445151170305847
180,3.686504388789399e-05,1.1526013963429369e-09,4.02601143534298e-08,0.0001705263157577,0.4023137278659993,5.858489281365151e-05,0.3840287628391868,0.4201753757030479,0.4111821109855336,7.356012876655839e-05,0.3892074284183219,0.4330478890283765
181,3.147086862373375e-05,5.974785120290648e-10,7.030139803632095e-10,0.0001260103700546,0.4036497906237,5.9570174174825435e-05,0.385480619153084,0.420266913211908,0.4122424116343616,6.95035081203456e-05,0.3875936528458856,0.430748326315809
182,3.094430385879326e-05,8.31835576678499e-10,6.795279061666548e-08,0.0001185338372942,0.40090150834214566,7.447351689741096e-05,0.3786876847942506,0.4176287779429626,0.4101837374491246,8.908652668257848e-05,0.3879785259218659,0.4430896046240165
183,2.8453383434563702e-05,5.695964008307472e-10,3.355129247761824e-07,0.0001133249259125,0.4022517482695796,7.81899550257828e-05,0.3773679641274711,0.4207899817841511,0.41143947311801915,6.630305917874466e-05,0.3937981643957384,0.42939508243532
184,2.5855944758829114e-05,5.156038465059483e-10,1.5445303958028236e-07,0.0001044891713677,0.4035221113884445,7.579536089806236e-05,0.3695554415009013,0.4236875027888543,0.4118287403560562,6.440371917839007e-05,0.3923593467985541,0.4348552489848412
185,2.509144284576647e-05,4.613452726986264e-10,1.829047058254929e-07,0.0001032671309104,0.4019867565874794,8.200933091787646e-05,0.3797793569264863,0.4214467381256621,0.41142055368636865,6.270917094940845e-05,0.393574662181909,0.4313819972057582
186,3.0415402414851956e-05,8.461450066977412e-10,1.2682203442970774e-07,0.0001465984065002,0.4028185064845377,6.992609137188396e-05,0.3784206586370924,0.4272222053400855,0.4128933001328129,7.445173295417559e-05,0.3951451087143246,0.4407404881704004
187,3.338978457870644e-05,1.0831902710888737e-09,1.908238170811316e-07,0.0001581111789399,0.4031423671205376,5.884322485663739e-05,0.3843067938374405,0.4227097421658644,0.4118246232810495,6.716830735922801e-05,0.3949162536020476,0.4272910685813693
188,3.239519859580949e-05,1.1240137221437973e-09,1.7931058715614514e-07,0.0001591303167118,0.4040040154005821,9.128536197397884e-05,0.3780546073773256,0.427823994605623,0.4116227195475035,6.785384949943014e-05,0.3942485558928931,0.4310130321459767
189,2.864657157296529e-05,1.0377614826405749e-09,3.243869015623347e-07,0.0001928926802976,0.40429787157280583,5.708818938315638e-05,0.3885038809333637,0.4265416601384443,0.4133489389720961,7.67304303851395e-05,0.3957116383890258,0.4391612392996025
190,2.876830044935277e-05,7.789271741950048e-10,2.2701470703268e-07,0.000151095495026,0.4033527925280984,5.922961474049204e-05,0.3836714704126917,0.4185239778407561,0.41089922663654815,7.263339077626702e-05,0.3928837135399124,0.4348722894016201
191,2.7185752381315563e-05,8.406720003504096e-10,3.736574814006133e-07,0.0001754457794979,0.40262339698652005,5.87368436465009e-05,0.3889180980271612,0.4191188958298706,0.41078506128175,7.471946593757779e-05,0.3905756008850901,0.4345621355238291
192,2.5065823356264158e-05,6.825973863028495e-10,1.5721821478020814e-07,0.0001637068747087,0.40494864023345906,7.757561884053378e-05,0.3805197710539766,0.4285706223242889,0.4135894622116176,9.069351145641413e-05,0.3909974566417309,0.4349779484554852
193,2.609896413380554e-05,6.512873429299718e-10,1.3149002119350328e-06,0.000107763346385,0.4032739765381329,6.765525212338047e-05,0.3840826488502638,0.4236237726845305,0.41179694621307744,6.205013802937858e-05,0.3891464423922041,0.4339128320591918
194,2.708723956429322e-05,6.606620086075927e-10,9.5488742923866e-07,0.0001221484806762,0.4032894482038338,6.957935847862655e-05,0.3858653321046474,0.4231385811110079,0.4117120917640428,7.927080286423459e-05,0.3920439243464481,0.443036857065207
195,2.6743354454260435e-05,5.427862456758989e-10,6.864752832846932e-08,0.000113133909159,0.40307005586675837,6.700137762563937e-05,0.3694189070775541,0.4183422913863841,0.4118968029618679,7.544347189485006e-05,0.3964707047615349,0.4356401895629886
196,2.6149190566859263e-05,6.429402935977736e-10,1.9203659995525868e-08,0.0001242851253282,0.4036679901599034,7.009586953625081e-05,0.3824268023212799,0.4222037161214559,0.4118630608865611,8.089862138505602e-05,0.3872907640671437,0.4345582153398009
197,3.088082275406757e-05,7.024866831398379e-10,1.9809597329167874e-07,0.0001228241441676,0.40417884596823095,6.469836853852015e-05,0.3840900486071904,0.4216913060647417,0.4117491297470034,7.425770248358875e-05,0.3894434467417061,0.4289185235936059
198,2.514996313785825e-05,6.301223147313594e-10,2.3975004315168746e-07,0.0001240503720277,0.4024420981037271,5.379074494851454e-05,0.3838866247412453,0.4210108166780955,0.41079475549435807,6.049814957826472e-05,0.3962692063116338,0.4341268820088318
199,2.459050629684506e-05,6.121194189543251e-10,6.743659719532502e-08,0.0001382267862506,0.4033052154536289,6.044399739304798e-05,0.3778601514211207,0.4211983521538992,0.410340459079877,6.847198852080504e-05,0.3899920165479877,0.4412232998513712
200,2.4598189254281443e-05,5.425505797769441e-10,1.66240258114847e-07,0.0001008903956591,0.4019554043686621,5.7094066554981415e-05,0.3812675451810287,0.4194477253678443,0.4096627346856281,8.823088442825588e-05,0.390741879683857,0.4355862450935943
201,2.521032400335901e-05,5.873088128763242e-10,6.782855266340705e-08,0.0001144714298524,0.40428601707397993,5.46982428462994e-05,0.3821673688525341,0.4197896256514832,0.41156210417642763,4.956426721308491e-05,0.390948358680166,0.427343164382498
202,2.414314220540492e-05,6.04273205037912e-10,1.0624125645897209e-07,0.000111218703186,0.4043931051403639,5.142725747416825e-05,0.3838772254975834,0.4237750231830717,0.4123115963234156,5.257879157271216e-05,0.3895534404806086,0.4272409661107091
203,2.600301877687672e-05,4.2690086921566734e-10,3.157203235515383e-07,8.645015540786893e-05,0.40256904084221795,5.494817917411036e-05,0.3834917149939884,0.4231907537682396,0.4112904103150752,5.02362229618583e-05,0.3941952633739997,0.4331601587849477
204,2.329666381812477e-05,4.044676061239993e-10,4.125862133053104e-07,0.0001176282258441,0.40325212701956764,5.361954119034971e-05,0.3752827873592296,0.4172646037355244,0.4108020016663206,7.092246749678114e-05,0.3932401875344049,0.4336329733916393
205,2.3407697304117887e-05,5.906666396998819e-10,5.3221951734627744e-08,0.0001283065802314,0.4047004924709023,6.420191749100887e-05,0.3780970112571735,0.4243823737433255,0.41206023426546345,5.335766797600007e-05,0.3979070617448205,0.4353074355473098
206,2.039544167173335e-05,3.3837052675700917e-10,3.473674857756848e-07,9.52443720602103e-05,0.4032362678572566,5.244403524901046e-05,0.381683825078467,0.4196951140627862,0.4112089315410962,4.943984229617641e-05,0.3968957496630472,0.436822700999233
207,2.322852145422185e-05,3.994889958010565e-10,1.781489417096438e-07,0.0001004437675193,0.40315983897080865,5.990556960523249e-05,0.3877976426443538,0.4201300151477988,0.4113301523859405,7.21219973448836e-05,0.3878739867061935,0.4370434470548461
208,1.9920600525130673e-05,3.798349359361847e-10,5.475956575962115e-07,9.669004907941758e-05,0.4033132946389449,5.07541505005953e-05,0.3819748026995245,0.4181549062547792,0.4103750292099867,7.228375174128031e-05,0.3879744893697884,0.4337591425427103
209,2.337469871095732e-05,3.89841023834458e-10,2.619844541307259e-08,9.899102440247276e-05,0.4038808700773147,5.340255301202592e-05,0.3837762773782048,0.4228048786242163,0.41059619846982975,5.3523183385124275e-05,0.3895495524668383,0.4265018749935756
210,2.320586052102514e-05,6.282911624575003e-10,1.005022814970502e-07,0.0001488817964673,0.4038760995382272,6.0603976963614956e-05,0.383436210829259,0.4187250149087316,0.41147046652971475,6.216018985647076e-05,0.3894178325528755,0.4317595569193292
211,2.1670678614129037e-05,4.1079715148645156e-10,7.084375164279066e-08,0.0001075905305104,0.4041335891060751,7.383431699962738e-05,0.3818977375791159,0.4232554435871872,0.4121809773996863,5.938888226354746e-05,0.3904859189748607,0.428677574647781
212,1.912240176254354e-05,3.2862323962778285e-10,1.3597560133415953e-07,9.86158245184221e-05,0.4037242439350971,6.611289491642309e-05,0.3848209624000542,0.4227146585543917,0.4126723429989388,5.529628079036457e-05,0.3930732001506276,0.4307128597437283
213,2.342209399063753e-05,5.87935454283435e-10,1.7129365703638655e-08,0.0001094311045164,0.4025150810017669,5.175878297321453e-05,0.384549143514134,0.4240250771930081,0.41072351860263845,7.339379222488477e-05,0.386079067901272,0.4306538616950397
214,2.1030937632544174e-05,4.4175808390316754e-10,2.536639809314068e-07,0.000121391378186,0.4032710955024048,6.107758735766466e-05,0.3758385278391593,0.4228185401884118,0.41106818620867863,6.277561885199467e-05,0.3893294596331303,0.434096666284234
215,2.2133186397958273e-05,6.403268449738721e-10,7.555788328339474e-09,0.0001734386475912,0.4041337988384335,5.127409860341874e-05,0.3672090951413802,0.4164379122405076,0.4113735216861525,4.709690674989841e-05,0.3924246298844844,0.4306846485486322
216,2.3274556534277204e-05,3.8178824148820525e-10,6.639773830752205e-07,0.0001036508040788,0.4039689669952861,4.460643253952205e-05,0.3830006157208006,0.4215445207324692,0.4116026669670728,5.6262428691103474e-05,0.3935204529689137,0.4276791508988724
217,2.1747100807786303e-05,4.771989678934168e-10,2.3405047522295774e-07,8.969724378793398e-05,0.4033342154013799,4.622450192608451e-05,0.3867766294773236,0.4206815924020014,0.41027080431262475,3.606397748892044e-05,0.3962090586184831,0.4232236882066326
218,2.1056685130391717e-05,4.231851525423871e-10,1.335929299406402e-07,8.349265084595103e-05,0.40430008033239134,5.802529045725493e-05,0.3761226037711134,0.4213150715054904,0.4119745103499103,5.690572258033781e-05,0.3913890550538436,0.4316853776288534
219,1.9739427847751506e-05,4.931604514330751e-10,9.081450436099205e-08,0.0001187947328142,0.40347927791016674,6.191359877352501e-05,0.3774126011014345,0.4219237719581846,0.41118572081191984,5.202639122139684e-05,0.3886318279335643,0.4291869529422807
220,2.072781849031662e-05,3.7825653349057066e-10,1.3503993256946958e-07,0.0001023779891471,0.40309667583847636,6.287581160041065e-05,0.3803600954842817,0.4183750837860049,0.4108291318102529,4.356412425006932e-05,0.3937499764272018,0.4291974571388499
221,2.0419758818166975e-05,4.5523662251969607e-10,1.9218046820590478e-07,0.0001409194090553,0.4047637988843058,5.275314655898035e-05,0.3891323135553804,0.4244701095611224,0.4115251300305925,4.9246549935810895e-05,0.3919610065263795,0.4301218876137762
222,2.3259604730132678e-05,6.406497054541494e-10,5.224715491358722e-07,0.0001348855864559,0.40335959049492914,4.462871783992765e-05,0.3868409601195454,0.4170379720387657,0.4104530498620651,3.977925963191814e-05,0.3963324861164151,0.4277780507287894
223,2.2771234029876908e-05,4.659473198191682e-10,3.332578839554401e-07,9.812830687883078e-05,0.40350487894668613,5.0131984794381965e-05,0.3843420122410143,0.4193984493012024,0.41019397202584945,3.9390682237740925e-05,0.3910131049372748,0.4232549778111417
224,1.7595563703365348e-05,2.9268595406123864e-10,4.749877080545417e-08,8.796929959031807e-05,0.40269239426233455,5.463059314153941e-05,0.3807587619980408,0.4221172399374702,0.40999429996300785,5.4857322516277126e-05,0.3890693255016614,0.4330383983895021
225,2.1247894832666646e-05,4.047548527307978e-10,2.511598639065582e-07,7.729407195888882e-05,0.4036275958786612,5.091935889979903e-05,0.3781343992797964,0.4228527123272726,0.41146045055236,5.188179352786135e-05,0.3942312923790747,0.4340430716738956
226,1.744759212716218e-05,2.9192128226372076e-10,3.848790448568451e-07,8.335349709409634e-05,0.40383609202635845,4.3809412989732283e-05,0.3842789908702562,0.4195038903469348,0.41106297021516935,5.731244898285491e-05,0.3851493445965963,0.4296759782065917
227,2.1923109305327918e-05,7.536314479179936e-10,8.549855701200927e-08,0.0001851425920103,0.4037501145378912,6.208057740282288e-05,0.3852623155891385,0.4222294462808992,0.4112974133227238,7.189709327155948e-05,0.3901726441071599,0.4357273376559319
228,2.1420941617583678e-05,3.5464356224797086e-10,1.329906806901704e-07,8.903432761309116e-05,0.4031703397175051,4.628991763093283e-05,0.3845635664350602,0.4218920886648323,0.4113728528439846,4.4898187605911704e-05,0.3965326126835812,0.431164919351202
229,1.7996972914375852e-05,2.4683532080099495e-10,2.893046852081582e-07,8.243563299614731e-05,0.40408798064028395,4.1691997123570796e-05,0.3827275902554212,0.4180354973730112,0.41124989150694125,4.460592192781319e-05,0.3856611090142254,0.4275875346039841
230,2.1742161826531216e-05,3.905201596947281e-10,7.051315040751405e-07,8.4977785223872e-05,0.4029945637138825,4.3956137741587203e-05,0.3829899176841528,0.4203607722354439,0.411602342176707,5.169442793027681e-05,0.3960384865659053,0.4339556731811418
231,2.1277694068097303e-05,5.200305315791322e-10,2.1591512355811915e-08,0.0001694757456128,0.40561335385218283,4.675128856294883e-05,0.3892992070259288,0.427160843724917,0.4125066028675412,5.7155645534948864e-05,0.3941408720952415,0.4323611772822254
232,1.8517783900454666e-05,3.177719033741473e-10,3.762806655149832e-07,8.932951690965307e-05,0.40401106963377503,5.353838565194814e-05,0.3864725635562765,0.4218229276471569,0.4122945916198026,3.9215312495438126e-05,0.3935311800132284,0.4264438659091447
233,1.784916808929988e-05,3.6004352890372175e-10,5.2161801544770015e-09,0.0001052627960003,0.4041693950384322,5.296186616368844e-05,0.3886310514882164,0.4206312810943118,0.41082699191218425,6.80777097522334e-05,0.3898345844378247,0.439300651166993
234,1.9369565152094204e-05,4.026606462525958e-10,1.790362978981719e-07,8.881177207320512e-05,0.4031521016245655,3.640220129315232e-05,0.3904071752862598,0.418702464285431,0.4093470959511771,3.6506300229028235e-05,0.3963136506035344,0.4237029820300174
235,1.726224397323728e-05,2.4091059662942195e-10,7.727059569972995e-08,7.184902510581903e-05,0.40223368126596976,5.051421010914587e-05,0.3873154544554437,0.4220414750261736,0.41066458452330695,4.688952144024107e-05,0.3960486720705312,0.431132167691897
236,1.592004255191126e-05,2.1375235492092307e-10,2.3839019736016098e-07,7.261461880281317e-05,0.4038536364311183,4.032777468529583e-05,0.3897919381849405,0.4180678720440598,0.41155034184421224,4.731170627539804e-05,0.3945087885382374,0.4304894670568054
237,1.692025964598609e-05,3.238653347896893e-10,6.6390856257037e-08,8.511033576386051e-05,0.40461881515988546,3.798751143823641e-05,0.3913340781400179,0.425505893330246,0.41113313740991664,4.5932521936820485e-05,0.3965848687290449,0.4310679913586086
238,1.760235528313281e-05,3.1661038684721964e-10,9.615587659439485e-08,8.110617282186539e-05,0.40453022926176574,4.2443226345000746e-05,0.3765011886591636,0.4178000451720742,0.41121651850939966,3.3155273797981395e-05,0.3972929741802844,0.4262542615729793
239,1.4986220230273073e-05,2.681841356222613e-10,1.727228556847038e-07,8.992879674818433e-05,0.40411933498699315,4.657770198055843e-05,0.3866844672422084,0.4182839861256832,0.4112972692867301,3.927708334160145e-05,0.3981175266938211,0.4268383541816755
240,1.4861935046285451e-05,3.069416777340111e-10,1.5154497201574912e-07,0.0001133335677769,0.4051116673814857,4.7521409093684304e-05,0.3896439537016376,0.4243459154959157,0.4112409842445389,4.3368767341210106e-05,0.3965180144096524,0.4256787757499126
241,1.7749276060512465e-05,2.5991948984076543e-10,3.840485562900398e-07,7.57643518217721e-05,0.40320194195019327,5.333353278551957e-05,0.3846142499924279,0.4198014380705523,0.40940234788607777,4.5589259688207156e-05,0.3869494684935268,0.4286893893044627
242,1.6822416332173962e-05,1.7583428282212187e-10,1.730970969893164e-07,5.350878186372032e-05,0.4043165451975272,4.69222294493801e-05,0.3837113136774274,0.4198159880753973,0.41074251374635745,4.391479265432703e-05,0.3871906608008126,0.4311114317848642
243,1.5527056237205355e-05,2.665236428803307e-10,3.565371453628785e-08,0.0001076757751661,0.4031150573780936,6.460427087041962e-05,0.379015876879332,0.4226767863990709,0.41044091578668973,5.066601174118934e-05,0.3888508617396699,0.4277683570623949
244,1.8805628946563237e-05,2.8209434836440336e-10,1.956485428111776e-07,8.802716199651783e-05,0.4045393771250215,4.605470014083275e-05,0.3898843297536698,0.4187924767467378,0.41157918702457,4.824781495308185e-05,0.3910772125743437,0.4293047948484685
245,1.4954836985749954e-05,2.465088788813872e-10,2.6469976099896545e-08,8.376302469381702e-05,0.40354326624698017,3.635399570855343e-05,0.3907187030914407,0.4212558615611395,0.4104391893845529,5.183764538728483e-05,0.3952452967237555,0.4278046946817261
246,1.620549661251247e-05,2.2748506771500407e-10,1.3525214392906548e-07,7.495557882775117e-05,0.40481359189931837,4.54855453036755e-05,0.3828764537040143,0.4207717213018548,0.4103620388797897,4.9463966171145324e-05,0.3889656037185092,0.4251891507976219
247,1.5255224011946344e-05,2.276124668338638e-10,1.075660227556341e-09,8.097237742665797e-05,0.4043575781582263,4.869499745104958e-05,0.3811562191946512,0.4191178014161563,0.410918756647743,3.2961771997742796e-05,0.3932821399885778,0.42551820139565
248,1.482571802799204e-05,1.798086123325586e-10,4.1385504800928175e-08,5.800545951473168e-05,0.4033289626301508,5.56053559576168e-05,0.3799100497170572,0.4195888392050101,0.41201910764864463,4.8022213875232956e-05,0.3975047898433635,0.4300552812606661
249,1.6617903287613477e-05,2.4286655501291763e-10,2.0974996517431066e-07,6.979632354187082e-05,0.4036161902423128,3.721214271671379e-05,0.3837778022359919,0.4194062267610359,0.41108597828876975,4.222862322782799e-05,0.3992238593524981,0.4314482757682459
250,1.3955841629165189e-05,2.2821779525674269e-10,3.042119567364665e-08,8.401401043844903e-05,0.4041906345477359,3.6204770010631436e-05,0.3903479801924195,0.4194539435156212,0.41085674287154034,4.6664504528788796e-05,0.3948619743271681,0.4321621737772712
251,1.7001693497938897e-05,2.8448079483915903e-10,1.3851556923683006e-07,9.39147236473925e-05,0.40320654559708097,4.468619740233942e-05,0.3825160497803698,0.4197281922781513,0.4106087702101847,4.790576690720688e-05,0.3916481490077107,0.4284748927488383
252,1.7478479114237942e-05,2.2714761753007528e-10,9.334573769503862e-08,8.865054031381714e-05,0.4046936078836864,3.9993058654805135e-05,0.3914140224562055,0.4171903366702124,0.4124572743166875,4.676093278393295e-05,0.3920070129882939,0.4287352678007761
253,1.8245632368742642e-05,3.9810845820428183e-10,1.2308900365631814e-07,0.0001120763144926,0.4039673289917065,4.7868972184405905e-05,0.3844614783779582,0.4181220692379869,0.41049982319759626,4.9327083519467496e-05,0.3950482375065876,0.4284482293453533
254,1.5526337924385292e-05,1.8352750343415903e-10,5.449358231324197e-08,6.821679904500666e-05,0.4039372335370435,3.410843692778711e-05,0.392407467592016,0.4178389810424463,0.4109165601564571,4.3555133281365564e-05,0.3947680446883999,0.4262135128003176
255,1.6071364500427345e-05,3.006515990116e-10,5.6857240249286185e-08,9.172786327737992e-05,0.40507280185364314,5.441932464130321e-05,0.387977105133779,0.4259085160490193,0.41215914128409037,6.190066971836936e-05,0.3946242634211599,0.4389830369090852
256,1.5625582881361918e-05,2.9271344433215935e-10,7.259039780382892e-08,0.0001007807383638,0.4041061512885368,3.939604064794534e-05,0.3896160798347896,0.4229784452573096,0.41125363509720697,4.691709036010558e-05,0.3930267827432487,0.4283928266418493
257,1.5122312902032665e-05,2.47556992290582e-10,2.283166768979328e-07,0.0001035744497032,0.4048513694559289,5.0238530486701044e-05,0.3894662212567521,0.4249144010156221,0.411216255758157,4.39851321602086e-05,0.3958939009071536,0.4297096004471158
258,1.596035961007416e-05,3.374921227689801e-10,7.070002572273637e-08,0.000102538218938,0.4034359727336912,3.997714548991481e-05,0.3790918425180594,0.4180231591126417,0.4106575926482578,3.9047470726860215e-05,0.3977951668474233,0.425152275819574
259,1.3006405721536219e-05,1.5719547096725607e-10,1.0270768868725356e-07,6.780950573326283e-05,0.4027686733834126,3.842981851563306e-05,0.385390125915134,0.417201478160325,0.4089727906367312,3.966683711423419e-05,0.3950179895760882,0.4226945230569656
260,1.3892938809713095e-05,2.2180162760038675e-10,1.203893582601978e-07,8.842278739984444e-05,0.4037409081545195,4.99412982658106e-05,0.3858383635460326,0.4205273388537377,0.4102593049178025,4.857032861556453e-05,0.3952692811078918,0.4289608578279371
261,1.4339496847191047e-05,2.11238571631014e-10,1.865976972936778e-08,7.528045692051233e-05,0.4032518109641833,3.729878672039175e-05,0.3896278565103618,0.4227360735115306,0.4093546061283773,3.954829953086426e-05,0.3927361990585757,0.4296395988026431
262,1.4888758805058356e-05,2.0632405945311526e-10,8.380816152175896e-08,6.94678308716945e-05,0.40394010257337676,3.2893568984356584e-05,0.3844696112126552,0.4165018837962528,0.4097817619754659,3.724297964999883e-05,0.393730238569444,0.4284297349134581
263,1.3697051657756143e-05,2.7312511753567375e-10,3.461987270192424e-07,8.447532726851836e-05,0.4026277484082766,4.658889982979023e-05,0.3891815368410577,0.4264200674113055,0.40961165059083043,5.535095711390626e-05,0.3934982111474643,0.435902108136738
264,1.4546691230261644e-05,1.8353790527018714e-10,3.9150871322668486e-08,6.816614871829607e-05,0.4036215465290286,3.8084542445050287e-05,0.3886000731434638,0.419921914831186,0.40941562153081246,3.726726933915753e-05,0.3931015510215153,0.428057023534881
265,1.2273328910724634e-05,1.23883792648134e-10,4.994727198504023e-08,4.58943863902439e-05,0.4046470430171549,4.362267515926312e-05,0.3891466129652998,0.419956064300848,0.41092531121564724,3.8979218201094394e-05,0.3971083546813763,0.4277582361894189
266,1.4427855751900642e-05,1.4537277599688692e-10,5.3255793885931275e-08,5.749111224573333e-05,0.4042575628636888,3.440850257807348e-05,0.386419439056645,0.4193176559893921,0.4108924972519373,3.543637600921446e-05,0.3990850173434577,0.4270471763444144
267,1.3089317222934049e-05,1.1802075820833715e-10,1.037130124004193e-07,4.8106258203950425e-05,0.4030828500591507,3.975362458949391e-05,0.3892302213575761,0.4168699245176698,0.41041650861806517,3.3573894163299506e-05,0.3997200960649113,0.4253726639258237
268,1.1629643877589802e-05,9.497102137743984e-11,2.0175607251538002e-07,4.63512606051486e-05,0.4040982786372018,4.3399842038127825e-05,0.3866024126266532,0.4231908819028553,0.41127499493841924,5.0371476221423376e-05,0.3917850523307541,0.4374974647123796
269,1.3111896138501277e-05,1.2155159003247644e-10,2.9960258074446244e-07,5.4742931522855365e-05,0.40398674619318337,4.75208430931018e-05,0.3867780465518059,0.4179683110140341,0.410230620172918,4.386511716856782e-05,0.3937907021783637,0.4263336361912884
270,1.3460803542971744e-05,2.216020528949504e-10,7.251169775734921e-09,8.254379335914663e-05,0.4064698224366796,3.367627558041238e-05,0.3895284978484227,0.4271925813520132,0.4116715565740718,3.304012434034471e-05,0.3951315198693879,0.4297197878262273
271,1.1305046767386973e-05,1.1609000755174925e-10,4.44074300331998e-07,4.846225598376108e-05,0.40435669055197787,4.6472873954432164e-05,0.3838141183477145,0.4224683034046674,0.4100793354860462,4.652133816500496e-05,0.3917011516975354,0.4260983616629585
272,1.3783686796599027e-05,1.935987111804237e-10,4.252388974279597e-08,7.79577992341407e-05,0.4056090032261118,3.1133225293374385e-05,0.3871862132688624,0.4206712441056452,0.4102626444470174,3.901188926717521e-05,0.3945956475345771,0.4298617801546452
273,1.2631731280718927e-05,1.5756569570860935e-10,1.9559722419515427e-07,6.480153302568237e-05,0.40435323255595096,3.713624721123565e-05,0.3889024974136011,0.4201855565749715,0.4110513071021774,3.919984335460924e-05,0.3986771155261692,0.4315709530348395
274,1.2568455653441113e-05,1.202830484794837e-10,4.829444955056772e-09,5.046672278519182e-05,0.4033527602570072,4.691800513412456e-05,0.3842557267611113,0.416762062202108,0.4101748708168942,4.421411813075636e-05,0.3920098451396572,0.4265257796631768
275,1.2590263384957278e-05,1.1461741568661845e-10,2.9161402959054783e-08,5.636029707656309e-05,0.4047037426573208,3.775780808264306e-05,0.3879617130814731,0.4223869932457423,0.41093103278590626,4.049328778363846e-05,0.3965736142354248,0.4272646808139775
276,1.2564301663482436e-05,1.1976093693686653e-10,2.234993956573561e-08,6.761003701194479e-05,0.40289979545674187,4.770075530627167e-05,0.3846651615760176,0.4194272964581779,0.40918186417967084,4.79746076752699e-05,0.3901634116935885,0.42654168442797
277,1.2511908835655116e-05,1.2775069501684266e-10,1.9180048549394257e-08,6.24626226032321e-05,0.40397690286570337,3.381492322366204e-05,0.392356789888322,0.421738457872724,0.41126858942406813,4.005667225051611e-05,0.398900993407739,0.4315596158495921
278,1.4096796043858717e-05,1.5098553768731866e-10,4.368173400770559e-08,5.117964049816681e-05,0.40424534748275515,4.143115088557906e-05,0.3852856763431771,0.4230533856072295,0.4100101445651437,4.37077877341127e-05,0.3958670672583287,0.4339936580834935
279,1.2954508294013011e-05,1.377625021462189e-10,1.42466803798591e-07,5.235086254318233e-05,0.40383970275332437,3.456526044114565e-05,0.3904549757996343,0.4163507346933617,0.40967604191072937,3.888867800896473e-05,0.396492713519905,0.4204707693451881
280,1.5164218348631132e-05,2.4318837384708865e-10,7.197666251901326e-08,9.858325744382944e-05,0.4040875973852907,4.133766642725869e-05,0.3834147728081365,0.4173378448413456,0.4105578534506846,3.814721900370583e-05,0.3948395898699672,0.4249488102232562
281,1.225893925664412e-05,1.7297639030305716e-10,4.5531607706372774e-08,6.289216696986344e-05,0.40450612299132244,2.5351020922050237e-05,0.3927057982480737,0.4157937218014516,0.4096134086131311,2.5569173650426617e-05,0.3984389264913899,0.42201846871987
282,1.3016438970127053e-05,1.4859053155956044e-10,9.551029123144873e-08,5.300192850221652e-05,0.404576083663818,4.266683630733907e-05,0.3838316362709976,0.4214549478390839,0.4110981318970757,3.914660736827782e-05,0.3977954008533138,0.4272434505247253
283,1.36142271937989e-05,1.7298959498465373e-10,7.428614789972698e-08,8.091972908963463e-05,0.403335648448465,3.673855781456737e-05,0.3886626198085823,0.418056467695019,0.40996940372701346,3.346294738696307e-05,0.3950233355198371,0.4219396264444162
284,1.181742484518522e-05,1.2072783102504292e-10,1.9670790918357997e-07,5.815227258543221e-05,0.4041750356852169,3.537428511348523e-05,0.3862047643874216,0.4183525735444673,0.41028317160514866,2.9943811705845338e-05,0.3954413936749036,0.4247549439698818
285,1.2556151092479873e-05,1.7500424887231266e-10,2.9232623544039882e-08,6.222520196186299e-05,0.40455338162383014,2.548945783525008e-05,0.3932415305979105,0.4141215089933738,0.40934378972727825,2.932168009104979e-05,0.3954056717857407,0.4220291017113313
286,1.1774034168245962e-05,1.4727092787815112e-10,7.081614827875171e-08,5.762588012248049e-05,0.40384005960470726,3.483516670025383e-05,0.3881525229131526,0.4185905900291718,0.41075362785351743,3.811192874214877e-05,0.3964308080560429,0.4277003784227652
287,1.2636694454891684e-05,1.4720177610341943e-10,2.261056801788897e-07,5.300849941125563e-05,0.4045641549903764,3.8349060683346865e-05,0.3912202248442602,0.4180597580676986,0.41091038128173585,4.148500944762787e-05,0.3953975731003455,0.4270224127698308
288,1.2342368874181942e-05,1.7984286365318038e-10,4.8681903286329486e-08,6.972403680594041e-05,0.4037535298212576,4.228929673554636e-05,0.3852794912385067,0.4170335131593203,0.40961181760481125,3.648385521641482e-05,0.3937288684041921,0.4227769055195597
289,1.1770059192496296e-05,1.4645863575776118e-10,6.735529756163318e-08,6.394765954598203e-05,0.4039624793146389,4.195317201857723e-05,0.3828674363703624,0.4231334092404654,0.41038708602331836,3.5446044864879504e-05,0.3959151591315267,0.4242947489180371
290,1.1917382774477848e-05,1.4704869208681947e-10,1.790557215830546e-07,6.405126717190512e-05,0.4052928308058177,3.6006698772184904e-05,0.3931424373170971,0.4194858617118406,0.41003320895814205,3.689467949191895e-05,0.3960213576640352,0.4241638424025911
291,1.4567890350432044e-05,1.7717428886904713e-10,1.0060190469562968e-07,6.360479186673373e-05,0.4048783941381153,4.270458018462027e-05,0.3849312311589257,0.4197687761952061,0.41106937520098136,3.809231016820033e-05,0.3958717624119761,0.4235991967659362
292,1.2402132778942532e-05,1.582080790277942e-10,1.7299864374376028e-07,6.563906151402232e-05,0.4044756400411259,3.760041740190578e-05,0.3897432192884805,0.4178858901682725,0.4103568218543807,4.3424534131997464e-05,0.3941279832939373,0.4263597643751198
293,1.1831405525952742e-05,1.5930764351184086e-10,2.4691072075810894e-08,7.203538642253093e-05,0.4051835257637952,3.649476877941691e-05,0.3910914416733595,0.4181861918615486,0.41112695067483607,3.0924315418983545e-05,0.39686705772383,0.4259222727891126
294,1.2282722339646002e-05,1.3329889616884742e-10,6.995008017263161e-09,5.4334691939383895e-05,0.4031324411093176,3.493211989146983e-05,0.3875460669640254,0.4174220192897157,0.4087894824490086,3.7490042356443035e-05,0.3886716162546041,0.4257183180717059
295,1.1220828604940891e-05,1.0983195634751584e-10,3.40558568456828e-07,4.512704071257812e-05,0.4037811200631467,2.4206434220706048e-05,0.3888331569434738,0.4159508883139272,0.40969504362019266,3.3106266225832515e-05,0.3969651147729821,0.4334794320243936
296,1.2177851843039322e-05,1.6851870418708182e-10,5.3742398864464747e-08,8.78366930526786e-05,0.40412791385080615,2.8816990641768432e-05,0.3918268658905346,0.4156609113509012,0.409792961642354,2.584012398874019e-05,0.3966072336061621,0.4267580136150108
297,1.1410249998743404e-05,1.436315081470559e-10,4.0892906394418567e-08,6.167873050000328e-05,0.40449868061750877,3.246480848736669e-05,0.3880542801327155,0.418810036349043,0.4104105112047122,3.3681557850975644e-05,0.3976411377515402,0.4213598562312796
298,1.155252942248608e-05,1.5395142131979517e-10,1.8015253233638617e-07,7.729512399956562e-05,0.4040495054716118,3.319392953317238e-05,0.388143328120043,0.4150904934835572,0.40989980166243517,3.672648500979137e-05,0.3979508639803155,0.4311691117030428
299,1.0070515268986169e-05,1.2459831208666415e-10,4.488144622616375e-08,5.9192708857125353e-05,0.4047553174574564,2.7471626824944094e-05,0.3913076938293244,0.4180870219908339,0.41035288770870726,2.7739895289523588e-05,0.3976071072823903,0.423385387885545
300,1.0710416650695498e-05,9.360630804566615e-11,2.1618509760124027e-08,4.716718127029118e-05,0.40492642869332895,3.9718720692037815e-05,0.3901054728834442,0.4190538760027118,0.4108771757224929,3.20384565021768e-05,0.3942727193977371,0.4249647773045283
301,1.1276211690356418e-05,9.474482090126264e-11,1.432296813375089e-07,5.1676649141074726e-05,0.4046601101323776,2.2022940002855614e-05,0.3908661367060579,0.4150553825089554,0.40976702716502095,1.9271805452993726e-05,0.4000779801393049,0.4196129332913727
302,1.0994670219600655e-05,9.481900430640819e-11,1.4497433697968633e-08,5.359154609563266e-05,0.40410734723715147,3.769788596158366e-05,0.379652028728373,0.4153339897048135,0.4100388644074687,2.9628705261756908e-05,0.3985958916553432,0.4253209217566097
303,9.508933023182341e-06,7.47990259431598e-11,3.628561706658928e-08,3.481080696854377e-05,0.4046949416245695,3.143400365292869e-05,0.3927536230366563,0.4188620151478777,0.41073604278464665,3.51445554764404e-05,0.3930528344378513,0.4244163678092451
304,9.743317433761334e-06,1.0843883800809981e-10,6.378383377025897e-10,5.545981108157072e-05,0.40379910723439055,2.9639217690104074e-05,0.3904368268801301,0.4205151811202355,0.40990315050032433,3.0375772777620022e-05,0.3959436365319676,0.4298603070502133
305,1.2375972348873665e-05,1.6774098660739034e-10,1.0264041483409869e-07,8.57161444681731e-05,0.40463693631244424,2.6730051463109365e-05,0.3916497490267308,0.4167315212729989,0.41064073066631124,2.7225277460896602e-05,0.3985600727694978,0.4247325595350729
306,9.199749415759183e-06,9.314398831840514e-11,7.09849142799257e-08,5.0324248713207176e-05,0.4042035253228102,3.308974184918726e-05,0.3909930437246208,0.4163481705199841,0.4103384841101271,2.7332227996225837e-05,0.3989303786430376,0.4247008304255565
307,1.0622896210200628e-05,1.3182593731497846e-10,6.86207644040593e-08,6.791648486093038e-05,0.4046379824282834,2.6743407714161743e-05,0.3922907687366498,0.420803271994167,0.4095040809320721,3.581213849011813e-05,0.3960140588675254,0.425261731436694
308,9.441908091939455e-06,1.0408247220981928e-10,2.5919054014167383e-08,5.636470272729621e-05,0.4037927759663191,2.736953800433866e-05,0.3898055534694441,0.4145503304981867,0.40964413002375166,2.4400529960809347e-05,0.3955603416708541,0.4199814849758141
309,1.0313782322493026e-05,9.683313172963365e-11,1.2056558418294117e-08,4.869585240674379e-05,0.40506351396494195,3.287440301315662e-05,0.3911747384287202,0.42151303311529,0.40988350838804877,3.2563521291835205e-05,0.3978864324956632,0.4295318775290937
310,1.0058393162667434e-05,7.274993829244307e-11,1.015099334589209e-07,3.7446150702447056e-05,0.40411666138163044,2.7722915787435227e-05,0.3888116973278567,0.4211686037953956,0.4098822588725507,2.8808799231031155e-05,0.3969965456714426,0.4217414426255984
311,1.144462796488388e-05,2.1981242761611579e-10,3.9576345756131566e-08,8.814886302033198e-05,0.4038181538488515,2.4793094922617246e-05,0.3924786277501784,0.4181534681489637,0.40903733128836406,2.7132705654775366e-05,0.3961551639320514,0.4220382666967145
312,1.058907511483631e-05,1.270321246867808e-10,9.768164832557602e-09,5.987510261429296e-05,0.40391890615902604,3.284421618304994e-05,0.3886520363431169,0.4193108339462127,0.4094607199358068,3.017780799988058e-05,0.3964519146252633,0.4233515815046975
313,9.910461312511165e-06,1.3512111221091052e-10,1.3028176693019589e-07,6.838529957553519e-05,0.4049826949483337,2.5789380523946805e-05,0.3925392609072315,0.4219227479275006,0.41080977312712796,2.9266708278583936e-05,0.3983922451830646,0.4232832182248632
314,1.113569440394757e-05,1.4260411347249802e-10,3.5056680447453914e-08,6.933351344695637e-05,0.40423288810367386,2.658077440209013e-05,0.3884937744984107,0.4144149774438349,0.41032169431862164,2.4824607329800733e-05,0.4017744053540584,0.4308518404622626
315,9.930951239325303e-06,1.1554426615937599e-10,6.857930778814136e-09,5.6062893020736304e-05,0.40486155897827275,3.4675591319729444e-05,0.3896468417812468,0.4175768027867006,0.4099358059497052,2.8633487446417064e-05,0.398646261272494,0.4231179945002412
316,1.0865042241828826e-05,9.542952282628416e-11,4.0442451054722994e-08,5.379725700704885e-05,0.40405743877124356,2.4993197254934723e-05,0.3888129474886251,0.4172778460425835,0.408978563224007,2.4663816685711104e-05,0.3992247016614647,0.4236162223901676
317,1.1274484101696514e-05,1.0669467978657195e-10,7.056050976839147e-08,4.540145631326542e-05,0.4047168092909362,2.4045374233989695e-05,0.3925318738203935,0.4160714568823809,0.4103086992206688,2.064386550867465e-05,0.3977339390947199,0.4216744896306795
318,1.0125351244640868e-05,1.1422059232330022e-10,1.9205677004308089e-07,5.6923739698455655e-05,0.40525588859011663,3.235518231093518e-05,0.3905327394343501,0.4172597738862108,0.41076183877413563,3.0390067112921955e-05,0.39870453077937,0.4230733501794274
319,8.710086219827496e-06,6.745175848861754e-11,1.3701534573584697e-08,4.883213257766972e-05,0.4039907969325436,2.4082049963721187e-05,0.3924499395182479,0.4143152086405107,0.40888102752858635,2.877654089270328e-05,0.3968244832626717,0.4257313236084794
320,1.0874592363842808e-05,2.210341971019572e-10,7.139787139287536e-08,0.0001431604852424,0.40474416712015776,4.0388476869836364e-05,0.3857449852620419,0.4222852018336507,0.41062727024882967,3.313663201419497e-05,0.3988341347020665,0.4300984873376646
321,1.005612871092798e-05,7.648189133903154e-11,1.5492725646826244e-07,5.36629601091132e-05,0.40505580792416174,2.006361188928526e-05,0.3918237390378922,0.4134782900381625,0.4112665154321005,2.3475628666625195e-05,0.3978471171287856,0.4217504852553448
322,8.818568624306967e-06,9.614557186152962e-11,6.102664673601765e-08,6.062235809922712e-05,0.4037258696688468,2.8796002636610297e-05,0.3889041417988108,0.4154283533625169,0.4097345145577386,2.4423556454555116e-05,0.3974440321795276,0.426111461324679
323,1.083832549667485e-05,1.1365037554538579e-10,1.977976626932332e-07,5.905959436403041e-05,0.403888867676064,2.848339386065071e-05,0.3911000924483425,0.4179529185772275,0.40984773885203896,2.652434526029135e-05,0.3977480449665417,0.4247147545091804
324,8.842241908006975e-06,6.111175439668823e-11,1.5891340632290254e-07,3.3494271984402246e-05,0.40436842213115015,2.204193183354376e-05,0.3911242998232123,0.4157704756742182,0.4101178639085411,3.22991222022755e-05,0.3996951984102979,0.4292616627481216
325,9.980197826758853e-06,7.558245938070892e-11,3.358300382227952e-08,4.214436428839896e-05,0.40557645913242335,2.5049952675147263e-05,0.3939637372137375,0.4172616460405864,0.41072677558013704,2.4657700579797833e-05,0.4011119057931717,0.423127763966409
326,8.448489915637848e-06,7.599870357766476e-11,1.0678197015501213e-07,3.8458881519320975e-05,0.4048048082469085,3.3992994467909675e-05,0.3924084729286918,0.4259821653285409,0.4100418236570937,3.2331368837465886e-05,0.3959627063372309,0.4266086619540051
327,1.0965189133618214e-05,1.0415486283973009e-10,4.468758318942889e-08,4.847691027154433e-05,0.4033769016414192,3.461826710419152e-05,0.3863285539815604,0.4177479326244809,0.4093648114422541,3.775388725238755e-05,0.3912173867919903,0.4271198840239543
328,8.286798926600003e-06,5.4050844834484035e-11,2.3836202189819747e-07,3.4408695342103e-05,0.40490374348474384,2.904061655069133e-05,0.3903982526858753,0.4169729965002949,0.40965296843763793,2.8503527110460492e-05,0.3956548964342388,0.431443224647595
329,9.22821809025809e-06,1.2619686863412164e-10,2.3022121120597205e-07,6.414305249402563e-05,0.4048501776587797,3.4391200463156576e-05,0.3936977774731881,0.4216530871448785,0.4098748819210087,3.248237812279909e-05,0.3969943314705075,0.4289047149916406
330,7.634447385341803e-06,5.408582238679228e-11,8.197368484008649e-08,3.921400343809278e-05,0.4045962958270868,2.9911919998234338e-05,0.3888026168777114,0.4192732018220274,0.4103085092975109,3.3361232951640624e-05,0.3957795724164621,0.4239218381640796
331,7.897952852384815e-06,5.800269606215909e-11,4.8691818466117815e-08,4.204046590150501e-05,0.40336378003402934,2.9039632239133583e-05,0.3870475297033272,0.4157691914290448,0.4094967378849425,2.235454021421651e-05,0.3958948648191492,0.4189342769700246
332,9.181730771485875e-06,8.879507142956485e-11,3.097660417061832e-08,4.3065571376788014e-05,0.4048748906557071,2.6334521675987245e-05,0.392629804703926,0.41816589731433,0.41096756675090035,3.0470691617031916e-05,0.398048918666525,0.4252470228411683
333,7.8915023641013e-06,5.663095837430287e-11,1.4590753716348104e-08,3.245164579757098e-05,0.40573171528764507,2.4270614194400413e-05,0.3922869306377488,0.4197252390716741,0.41063214857936076,3.210270410457068e-05,0.3988620756973539,0.42609262486571
334,8.139352310579938e-06,7.503004209633508e-11,1.4936603454085429e-07,4.4516227468816005e-05,0.40351360479886617,3.142367999881045e-05,0.3892909489320061,0.4199455683470401,0.4089777463016004,3.013806027438704e-05,0.3954257042428222,0.4249677808851464
335,1.0016540217751003e-05,8.582038529741777e-11,1.3455262348749386e-08,4.016314159394074e-05,0.40503838795750924,2.553464729280867e-05,0.3922000354563706,0.4196757785801037,0.41033570001720115,2.9425525853421646e-05,0.3979459283604017,0.4237549463008654
336,8.98574114838402e-06,7.224882971240053e-11,2.5833608097158844e-07,4.2533705924219234e-05,0.4040968988370554,2.3432158720848346e-05,0.390172421872912,0.416909099948865,0.41019506499202085,3.2486693619064454e-05,0.3971282283527748,0.428122765230104
337,1.0292718929593159e-05,7.735727089262345e-11,7.717293359910117e-08,4.683288451257095e-05,0.4043215589312966,2.259662476004856e-05,0.3905813610807721,0.4147228766971623,0.4097317688502422,2.5017330526638602e-05,0.3977278962738612,0.4235926521570043
338,8.88504360794684e-06,7.076423291859044e-11,1.7125479445656566e-07,4.233519133423069e-05,0.40473140519758244,2.816714816612453e-05,0.391026022237379,0.4158298016485426,0.40917700135616236,2.707258279793395e-05,0.3989414142069363,0.4263362945151293
339,7.24200046262169e-06,4.355821866345331e-11,2.6974855682482253e-09,3.056341697016407e-05,0.4046730262496307,2.6671055997854444e-05,0.392639019223271,0.4160793992532636,0.4095504090448363,2.7176392552576215e-05,0.3972993537657634,0.4221186167180524
340,7.451501533958238e-06,5.239014777584975e-11,9.695719005442529e-09,3.9482798508849726e-05,0.4043822825706924,2.637983566381351e-05,0.3897357789316376,0.4156781851786254,0.4099937702463878,2.6473794155013817e-05,0.3982309637132855,0.4226302497461955
341,7.321700649142171e-06,4.2060025664450743e-11,1.4244641299843153e-07,2.6168627338951644e-05,0.4041428820265698,2.883506922482261e-05,0.3893962306494145,0.4170262441578397,0.40924716563066094,2.709595340197635e-05,0.3949706287301778,0.422875091168854
342,8.229294639041652e-06,9.245119765948872e-11,8.213677837876078e-08,4.5735038089911306e-05,0.40350510055189026,2.9743879939387254e-05,0.3888650454080475,0.4145625037244739,0.4098584535388744,2.1640097526228734e-05,0.4006544298657778,0.4233353725533634
343,9.229545102990011e-06,7.834116312781682e-11,8.97283441991803e-08,4.7593019424696514e-05,0.4040354114913295,2.9979313310205812e-05,0.3868361827443597,0.4181791211044073,0.40989914469791366,3.0362481038163765e-05,0.396091753067637,0.4248689861423986
344,9.154020383379535e-06,6.910151492541588e-11,2.9493511077838264e-08,3.872739060595265e-05,0.40408006358461374,3.0512453654404646e-05,0.3879541276330732,0.4166993660462121,0.4102065278648959,2.3563492274851814e-05,0.3975292311076033,0.4234726814704641
345,9.700152833824749e-06,7.783257620909344e-11,7.971318038979548e-08,3.444190045365225e-05,0.4038325604693241,2.6290965214726742e-05,0.3895096416787182,0.4150437504012914,0.41046786411561087,2.914042124954517e-05,0.3986052283653749,0.4269386707074223
346,8.811388974099277e-06,7.412384884851086e-11,8.03039423846741e-08,4.4235703135719895e-05,0.40472972080085595,2.5501480393135623e-05,0.3882830203579045,0.4196233051076151,0.4098428918699147,2.395039963177476e-05,0.3988337035924046,0.4221393945413726
347,7.568274024536415e-06,4.6044538246753695e-11,2.7544686198588412e-08,4.647728221851555e-05,0.4052088214488741,2.821093103038711e-05,0.3922757128522777,0.4185068426364962,0.4101451884070266,2.7341682449138387e-05,0.3979752163346306,0.4284883206394017
348,8.373062918130003e-06,6.515567175060534e-11,4.6612300685922043e-08,4.43371029770212e-05,0.405238605006974,3.8812023616978626e-05,0.3887819952766317,0.420663306025265,0.4104624346765214,3.7024121564035764e-05,0.395729155882168,0.4244830737057554
349,8.389162906587976e-06,5.91625696738397e-11,3.5649560636841215e-08,3.405517173271644e-05,0.4056617462555084,2.7878611344569413e-05,0.3917871995679038,0.4210154371814043,0.4106652025271956,2.735635776988442e-05,0.3996295600393194,0.4297633054798233
