,Birth,Death,Dimension
0,0.0414552843117465,0.06454922857057999,0
1,0.03423400356384221,0.06454922857057999,0
2,0.04760780280129684,0.06629586791119635,0
3,0.05562035839258772,0.07282200855849286,0
4,0.020326846872885662,0.08083003083773854,0
5,0.07973387197568949,0.0845765585699676,0
6,0.06088440983609156,0.09458832112181881,0
7,0.049235431828412946,0.09721417253289677,0
8,0.026564915655458488,0.1121619591583134,0
9,0.0362753585277672,0.11430317623621622,0
10,0.12245555539914066,0.12964681340112238,0
11,0.028569901329709047,0.13023148729631417,0
12,0.05946110578558361,0.1307720510961765,0
13,0.07811747246191758,0.1309596955349681,0
14,0.04433699210594666,0.1314263384426605,0
15,0.12425492374682379,0.13319496504278927,0
16,0.04448944987691816,0.14708600969951457,0
17,0.03495370283500132,0.1488805588990635,0
18,0.0804391737761152,0.1500157773177503,0
19,0.056700798596871826,0.1509898881009486,0
20,0.07141613566464,0.15190252319476683,0
21,0.12764800056943637,0.15621430169771822,0
22,0.1344480004406805,0.16149767849983931,0
23,0.06720634223726785,0.1625861618245762,0
24,0.0902409418766007,0.16832094155838506,0
25,0.07741882134864564,0.16892795881066114,0
26,0.10409664926143325,0.17105552049310602,0
27,0.12871269817078645,0.17696690903223533,0
28,0.17313179890727393,0.1901100858911653,0
29,0.07529918358660015,0.19014839927170524,0
30,0.1469726921489385,0.19864608833967357,0
31,0.08395556179125796,0.19876644441994018,0
32,0.12882859668074287,0.19998472837239623,0
33,0.09657617740205282,0.20147053272664694,0
34,0.022897369259452738,0.2016938103709146,0
35,0.19552120742730972,0.2031344981473523,0
36,0.19974850417326162,0.20590362613306112,0
37,0.07715080638017024,0.2073092573770141,0
38,0.17793611424621036,0.20852270213927082,0
39,0.07366927727255002,0.21041026806633922,0
40,0.09043579027008108,0.21232666877002027,0
41,0.13406315065748609,0.21293192605632383,0
42,0.19726596262838847,0.21363345582752946,0
43,0.01927746057966595,0.21432717701928583,0
44,0.1476002290369015,0.21976537540123375,0
45,0.1971867593063611,0.222068015119251,0
46,0.18957633295902998,0.2257524860453607,0
47,0.2032674518753551,0.22692310222501555,0
48,0.1518705267059618,0.22927900228536346,0
49,0.033097933319608974,0.23197249344681425,0
50,0.05757137302070947,0.2322269378984242,0
51,0.1141181246971269,0.2334580711176757,0
52,0.145498662267332,0.2353509721500192,0
53,0.05661764105959466,0.2388934936864997,0
54,0.16407586513300498,0.24428158469798733,0
55,0.1532746090590349,0.2444514229530631,0
56,0.05377244813825954,0.2456981323145342,0
57,0.08582029593365248,0.24592991195570868,0
58,0.08646775742629009,0.24782207958940683,0
59,0.0538959594779953,0.2490808551594209,0
60,0.08162073497851485,0.24934327484546415,0
61,0.1003302322852424,0.24962959385148242,0
62,0.09055815827303648,0.25545227277990956,0
63,0.1370695762313957,0.2563405172297224,0
64,0.02794501332478161,0.25827809308435556,0
65,0.12216885589378601,0.25915647481284954,0
66,0.03190748750224892,0.2612794465328102,0
67,0.19538200707436337,0.2612794465328102,0
68,0.022978945277456586,0.26232064838702585,0
69,0.013988677628524848,0.2645281779216958,0
70,0.20120605163887695,0.2650311085116154,0
71,0.0422775473624839,0.26554169785685966,0
72,0.04163618313112072,0.2691606708616916,0
73,0.08510700823952932,0.2692724006450272,0
74,0.23370010200296665,0.26954060423880266,0
75,0.043825607956216595,0.27270000234853975,0
76,0.06682592296388212,0.27270000234853975,0
77,0.09254768412531067,0.2731238259393324,0
78,0.13986384100693838,0.2736920962892817,0
79,0.203025590723814,0.274584632829757,0
80,0.13233129097500362,0.2773343188039279,0
81,0.20119357397604354,0.2773343188039279,0
82,0.041765808219476175,0.2798768691275346,0
83,0.04186802521845867,0.2809027930905601,0
84,0.08645688276334862,0.2851006461719495,0
85,0.14034156816469645,0.2855411302297546,0
86,0.1681505302846752,0.2856215329299462,0
87,0.15579036069975238,0.2873564393526117,0
88,0.27032170555074453,0.2873927759698103,0
89,0.03116005824510082,0.2885987876393179,0
90,0.0963910683915038,0.288658653756526,0
91,0.011854206063152684,0.2896506015275703,0
92,0.020969487755385985,0.2917072486448733,0
93,0.03380599744089263,0.29230972617122264,0
94,0.0882269630418735,0.2925087043891337,0
95,0.23080261184526407,0.2942120602258548,0
96,0.21353455810941635,0.3000217109436859,0
97,0.15841491339945968,0.30063417922378244,0
98,0.1211247834432797,0.3011038539941989,0
99,0.16593568472573716,0.3015302975553912,0
100,0.1256088346933789,0.3015675312862657,0
101,0.07608157960895623,0.30189375458321643,0
102,0.15754593774774905,0.30197778409899245,0
103,0.06310369690708606,0.30203647980044257,0
104,0.0915326496132145,0.30455450476687673,0
105,0.05299705271769839,0.30455450476687673,0
106,0.29239262207680705,0.30586820240200296,0
107,0.3046981791317418,0.31030422467730157,0
108,0.10462406383824385,0.3122911553997052,0
109,0.12240749421941233,0.31278248800806796,0
110,0.23738894578342584,0.31290668017961676,0
111,0.12199641033647246,0.3164922611396096,0
112,0.0737505843414632,0.31773198856027773,0
113,0.07640953431632336,0.3194436554426502,0
114,0.11332794960113057,0.3201393372618637,0
115,0.17476181436851057,0.32200029506534356,0
116,0.11888857391749574,0.32292528598230064,0
117,0.3071019549380084,0.3243792102553664,0
118,0.17590935749860903,0.3244313681997534,0
119,0.02053534971690152,0.32468123685356287,0
120,0.05696785324678599,0.32476543252070234,0
121,0.033285771004259,0.32530662841542946,0
122,0.13319880533561657,0.3256289341773394,0
123,0.1997562599229451,0.33037053850140863,0
124,0.015180841034999726,0.33131847185862506,0
125,0.049975345940526994,0.33134366666688775,0
126,0.10364279282808997,0.3325898276174739,0
127,0.0918786176632661,0.3332344839316793,0
128,0.04247876326497957,0.3345620580248795,0
129,0.21716346880606252,0.33637131341742466,0
130,0.2786516847845836,0.3369296184414309,0
131,0.20562847550443064,0.3374201450496761,0
132,0.3352904009490344,0.33911760381179024,0
133,0.2700075560512818,0.33989308533847296,0
134,0.10626214510430254,0.3401189770373656,0
135,0.05378989469425155,0.34024910112007023,0
136,0.026442410982683517,0.34106033450176687,0
137,0.051590756261683746,0.3426047558904599,0
138,0.10932038003681765,0.34356923135833617,0
139,0.07362076530566275,0.3435929850434857,0
140,0.08065448108546447,0.34391296864317034,0
141,0.20960908109202958,0.3468285074371341,0
142,0.019703675670594945,0.34793643217519,0
143,0.013907498007922792,0.3481402022129799,0
144,0.2503079574863938,0.34819772963941253,0
145,0.20790353707476428,0.3483444133825756,0
146,0.008567991925488738,0.3491706365457875,0
147,0.21324636387557272,0.3504809135423136,0
148,0.270822440547839,0.3505123095274354,0
149,0.05929327336781687,0.3514754013521999,0
150,0.023179465675815303,0.35158232777065856,0
151,0.2816318527135404,0.3527214246936631,0
152,0.09382417194178705,0.3551215550265744,0
153,0.2148796623191549,0.355170672076876,0
154,0.07634599435641465,0.355602833160635,0
155,0.12901099758142565,0.3567184329210257,0
156,0.2868174769103634,0.3567184329210257,0
157,0.032174023439854094,0.35722055677291964,0
158,0.007686889799457974,0.35818432694435276,0
159,0.02972569818077908,0.35983735962524155,0
160,0.1747377050167077,0.36013842829579,0
161,0.025679495525730123,0.36142156139137904,0
162,0.24513277732926408,0.36207901918514496,0
163,0.21684460570590403,0.3621404135472822,0
164,0.04430663632682619,0.3625607223139198,0
165,0.27267669692370144,0.3627330742125453,0
166,0.253772864377266,0.3628595708028125,0
167,0.0051635335603320565,0.3628595708028125,0
168,0.131048877640074,0.36329293812718766,0
169,0.05373849456744584,0.36403373124160476,0
170,0.011467638011669168,0.36452257573274216,0
171,0.04852946782445133,0.36536644414164754,0
172,0.3502051999172985,0.36745701519036333,0
173,0.31482300600863555,0.36760544235418635,0
174,0.13151387646300916,0.3710861033475219,0
175,0.14277304064757823,0.3711185164321318,0
176,0.07881595806768205,0.3731958220676832,0
177,0.0135361002822606,0.37336609651266794,0
178,0.3555411586805757,0.3735181622844793,0
179,0.24128419735146422,0.37478681523096535,0
180,0.02732197280186799,0.3754412733353367,0
181,0.32362724228329054,0.37607815707775627,0
182,0.018772224312976094,0.3774630060101367,0
183,0.20025266259650643,0.378114610988203,0
184,0.18943731496542027,0.3787661570019708,0
185,0.20435360297124816,0.38139480544131,0
186,0.323686425786023,0.38231656604402997,0
187,0.06237289083348152,0.38249628728755114,0
188,0.09612689309798916,0.383600350145601,0
189,0.13989086562573783,0.3836768077781635,0
190,0.016128322786186144,0.38478592458182026,0
191,0.07810525724674211,0.38478592458182026,0
192,0.006426807613543639,0.38518509342069707,0
193,0.05506881182091894,0.38605265286829615,0
194,0.04452985216462679,0.3881974730342168,0
195,0.13327195885456045,0.38951913277361416,0
196,0.10025621422565756,0.3905767818065683,0
197,0.32080145416262773,0.39135507371416034,0
198,0.10271567658502256,0.39135507371416034,0
199,0.10277635467407364,0.39140806500187864,0
200,0.09164764209194265,0.3927581913068169,0
201,0.33492455024056045,0.3933871153945645,0
202,0.3891474715359474,0.39381922146375836,1
203,0.005190566969660915,0.3960704584400747,0
204,0.012859147701862583,0.3965405757060618,0
205,0.25802002549276115,0.39811352413090406,0
206,0.23287034291064335,0.3993739293967623,0
207,0.009246659520230849,0.3999718206266565,0
208,0.06261248833730382,0.40014505799003375,0
209,0.1155699172651764,0.4005472212224065,0
210,0.08567716625030974,0.40585179803041216,0
211,0.367126814056536,0.40603224195827725,0
212,0.2197218330609384,0.40615290446640107,0
213,0.04982396651343868,0.40677901699814634,0
214,0.019654672448303323,0.40682731608111644,0
215,0.03158063609768935,0.40685000665037696,0
216,0.40406488570322596,0.4073561899678426,0
217,0.050850985171214225,0.4084955897961776,0
218,0.11532972918819429,0.4089965967216811,0
219,0.14000483139592468,0.4105135809429403,0
220,0.03971022878877917,0.410698867705665,0
221,0.07252686467301528,0.4119130876919008,0
222,0.012721295778704067,0.41266028346636807,0
223,0.3412047704173091,0.4131981585412825,0
224,0.04468527449735182,0.41409961835257003,0
225,0.28377906124683716,0.41422161970320226,0
226,0.15505368629587846,0.41422161970320226,0
227,0.3372040327331399,0.41472792418281457,0
228,0.24237337417935267,0.41472792418281457,0
229,0.15955679016715496,0.41780204835003687,0
230,0.4128403792460026,0.41780204835003687,0
231,0.18336139819214325,0.4186017838118601,0
232,0.05997594673962059,0.41877242335535014,0
233,0.0956595879487131,0.41934312013752684,0
234,0.15965371496985947,0.4204845486473223,0
235,0.1194553512383012,0.42056984066130065,0
236,0.045559979788520555,0.42073538482825024,0
237,0.1213497576205449,0.4208467487653922,0
238,0.23881190565618016,0.42261319494382044,0
239,0.30568170381799065,0.42261319494382044,0
240,0.35051879124811425,0.42338474214897404,0
241,0.16492679820058576,0.4235026753454819,0
242,0.3507221973502974,0.42416492627449953,0
243,0.16687988373518636,0.42478179633870194,0
244,0.07081756384354365,0.4284839417757087,0
245,0.034303129483779005,0.4297652664507311,0
246,0.08823760383802937,0.43004216695945696,0
247,0.04489019014344442,0.43172680687463993,0
248,0.31333664577184683,0.43188411484296263,0
249,0.01225721896843146,0.43207045878092865,0
250,0.4275966631374951,0.43224973487119744,0
251,0.4031630365598451,0.4338831356036619,0
252,0.006115330128640184,0.4338831356036619,0
253,0.13482941054826914,0.4341278813811903,0
254,0.16071693955407695,0.43471483807876277,0
255,0.32426173258773017,0.4371064258224516,0
256,0.01441767311503861,0.4383312157750944,0
257,0.11443856409647213,0.43899157953171797,0
258,0.00665485881102057,0.4399067784594046,0
259,0.08420944877840397,0.4402051713176951,0
260,0.30923764572042967,0.4412228128296327,0
261,0.12255207317513928,0.4422350368146398,0
262,0.11089135956830831,0.4426771834566168,0
263,0.010994953598618351,0.44328074175505294,0
264,0.004863086503781089,0.445439642297601,0
265,0.02541588635623815,0.44636878332154806,0
266,0.07098718425636685,0.4464485912268915,0
267,0.05927127719065939,0.44690119672707707,0
268,0.16467545857248467,0.44797286255745894,0
269,0.35308356577070676,0.44920606928306817,1
270,0.27731312820462073,0.44941737819020544,0
271,0.4118039125121179,0.45006785534111926,0
272,0.016342147587020794,0.45226703603693375,0
273,0.07497632655206876,0.4557888689606898,0
274,0.07584331347942752,0.45699587680459,0
275,0.02229326879451865,0.45829071019534595,0
276,0.05954710093440485,0.46164915174703935,0
277,0.13491074643588907,0.46298002122299087,0
278,0.12601316152626263,0.46491293197473926,0
279,0.39245429933759224,0.4658011629226867,0
280,0.04269971243152604,0.4667494853996801,0
281,0.08489797514714226,0.46793312069517723,0
282,0.07501359231736204,0.46834584670269586,0
283,0.005867394835518902,0.47207686627841483,0
284,0.33288907580035154,0.4737298500976903,0
285,0.1198298366197944,0.4737345794442672,0
286,0.004418523316631284,0.47524552590975366,0
287,0.2382777475574276,0.4754543250541263,0
288,0.17223986733787378,0.47593275685269576,0
289,0.3196544571431652,0.4774419192098004,0
290,0.04931361103313381,0.4774419192098004,0
291,0.022327603833038,0.4779114495230772,0
292,0.029401413336331395,0.47839080483473206,0
293,0.09785750244618063,0.47941691598828706,0
294,0.32019931066291973,0.4798861727263658,0
295,0.07523759524210627,0.4814242567740702,0
296,0.42756640518380984,0.48268145031823584,0
297,0.07162457314080928,0.4850249524746191,0
298,0.42986469571095454,0.48540672833587506,0
299,0.07393730894275585,0.48585764007729204,0
300,0.24894945416524916,0.4876194096494263,0
301,0.021244477104414794,0.4879414287981809,0
302,0.054604899374710136,0.4880720717712985,0
303,0.30054633136231435,0.48818455837765884,0
304,0.26366496135392736,0.48891816265061727,0
305,0.1528095000422155,0.4920407401879804,0
306,0.37677033774859303,0.49237215524237676,0
307,0.0901000154630307,0.494270472067179,0
308,0.4827953497229781,0.49546345161934713,0
309,0.36781769529320696,0.49563530990109717,0
310,0.05109481702285823,0.4961049587744981,0
311,0.010788346482750844,0.4967773893730816,0
312,0.3613851248037623,0.4974664399167935,0
313,0.3082489153477239,0.4986639059446798,0
314,0.2303759086997108,0.4988861770771058,0
315,0.18949160637918427,0.5002175367497181,0
316,0.07058906241883378,0.5015799056215264,0
317,0.020028768477347803,0.5031238174822842,0
318,0.21388463800998092,0.5042788688456767,0
319,0.10633679196650403,0.5047353064753001,0
320,0.004290675358795792,0.5053441543838605,0
321,0.05892336278315169,0.506627081368202,0
322,0.22442674752957614,0.508763529595109,0
323,0.008209656369501328,0.5089523024832371,0
324,0.29432911346886337,0.5098341680274263,0
325,0.016283039693816947,0.5102870362399909,0
326,0.47153004092268924,0.5125421354082088,0
327,0.28383068485690965,0.5183061090695837,0
328,0.48547231080234177,0.5203927683705621,0
329,0.39781351946596055,0.5203927683705621,0
330,0.027299641358602744,0.5224769537801504,0
331,0.3699087258662549,0.5229237581870974,1
332,0.14520863143757667,0.5234361630688444,0
333,0.008696527712614643,0.5261119618855974,0
334,0.003696181608844995,0.526798660052653,0
335,0.003158458023572952,0.5272094936208468,0
336,0.04775897514501448,0.5272094936208468,0
337,0.0350702944984258,0.528049799267425,0
338,0.3933049003493164,0.52869434845824,0
339,0.0029138590897505035,0.5297097018556031,0
340,0.013563815957137404,0.5357290594264045,0
341,0.5255222770612041,0.5415632071690947,1
342,0.15746807327747736,0.5454240781911089,0
343,0.18314004276312879,0.5474192853288996,0
344,0.292183531717224,0.5475315050069809,0
345,0.3105436596955282,0.5500857824868101,0
346,0.12222895204166773,0.5539404199557207,0
347,0.0015097371658574499,0.5582418901279389,0
348,0.08713856879741955,0.5650049181623605,0
349,0.4034854973295401,0.5675053845086221,1
350,0.4415812078179534,0.5752290771394858,1
351,0.4714158211536815,0.5770765412080422,0
352,0.44615041529600996,0.5801682808611233,0
353,0.43075163156833696,0.5848796834442841,0
354,0.5425965698587661,0.5984675009213177,1
355,0.01660665948868023,0.6009425613331917,0
356,0.44112677176340054,0.6039842139807756,0
357,0.024162633514329235,0.6121013935823549,0
358,0.5546929813266898,0.6152181949886786,1
359,0.5922835749325924,0.6170780754169563,1
360,0.16840548998695326,0.6199264888354684,0
361,0.48604430805802024,0.6200845239100207,1
362,0.40911702693455665,0.6300306876570289,1
363,0.5984906491835822,0.6306284886267015,1
364,0.44852813113629,0.6334343466197292,1
365,0.5777782936722742,0.633913223780534,1
366,0.5791307088897772,0.6390300830405322,1
367,0.45085220293445916,0.6427205921840963,1
368,0.160799983828932,0.6435661719072797,0
369,0.5922120104318107,0.6469658032277497,0
370,0.60079349575001,0.6485835842034977,1
371,0.6486827780340864,0.6491392278663999,1
372,0.5573671749263728,0.656105649525357,1
373,0.5539201493448875,0.6608844834918056,1
374,0.6105682769477442,0.6613103393816269,1
375,0.05135031960671077,0.6628359139057252,0
376,0.4163584134938525,0.6632291180644775,1
377,0.5353525859462186,0.6647148780842805,1
378,0.06137933467425971,0.6714275113349653,0
379,0.6173454259930609,0.6723532209454987,1
380,0.01757317073818898,0.6792125809102183,0
381,0.5831551744418861,0.6868621883371157,1
382,0.6217731313311172,0.6917894342024855,1
383,0.6756884898927987,0.6920673106254434,1
384,0.4580745854708017,0.6987010101752419,1
385,0.5414459761334238,0.7049502100064077,1
386,0.47826336559793536,0.7051349341146191,1
387,0.697986681620799,0.7078228588147822,1
388,0.21041026806633922,0.717261615566734,1
389,0.6703140710828703,0.7178480027521905,1
390,0.4557888689606898,0.7237553133154394,1
391,0.5328043077135781,0.72519882371725,1
392,0.6704953731471115,0.7260389399796241,1
393,0.21907108912349604,0.7294683320742364,0
394,0.6358675289017869,0.7303405051882017,1
395,0.7100762809896253,0.7313497907621895,1
396,0.5405935295679793,0.7353409546742425,1
397,0.5442606096752036,0.7443657596204503,1
398,0.7340111142812518,0.7486623740162249,1
399,0.6326050582083564,0.7520887414165384,1
400,0.6465218610702651,0.7521312782955031,1
401,0.7323219803753169,0.7535007251061943,1
402,0.47386421930768097,0.7560351428295237,1
403,0.42417650687728625,0.7576913852878897,1
404,0.6372055698775574,0.7605399638395337,1
405,0.6887158462360935,0.7634773644919568,1
406,0.5909213597441586,0.7645002612219385,1
407,0.6390172002711895,0.7683477220345223,1
408,0.33315680845632945,0.7729728971955226,0
409,0.7451780705066745,0.7758805678543629,1
410,0.6101075368815189,0.7762570833571981,1
411,0.5319477425500979,0.7781503268953867,1
412,0.6934503057903726,0.7785088517442347,1
413,0.43812594694343354,0.7801989708822561,1
414,0.6745165875593508,0.7820927117978566,1
415,0.5180920819851957,0.7836574470953575,1
416,0.7207419817177559,0.7891213520421654,1
417,0.7404231175507008,0.7915856212163279,1
418,0.7665986953016423,0.7923130730128131,1
419,0.7067078700749964,0.7928433389381798,1
420,0.41211080457813887,0.7931674936343701,1
421,0.7568764377125287,0.7932027236713313,1
422,0.4520969123662152,0.7946472768438917,1
423,0.7686164654461022,0.7952069637975608,1
424,0.5143427610570629,0.7952175555309473,1
425,0.7544554944029708,0.7964374077540338,1
426,0.6798397727017101,0.7970659786608267,1
427,0.7198177337984916,0.7988913134348411,1
428,0.5297960535263999,0.7993434176769534,1
429,0.7644362400103494,0.7997141383129576,1
430,0.4808129594079217,0.8002253253156775,1
431,0.6212887120628213,0.8037169460810205,1
432,0.5219984785244128,0.8058545345643155,1
433,0.7570640165590301,0.8076151306840847,1
434,0.6141166973799743,0.8087292760795924,1
435,0.6644873190902857,0.8099566782391532,1
436,0.679252845500262,0.8101281347171162,1
437,0.6051454066683803,0.8116607558451612,1
438,0.6608585714475709,0.8119194163584003,1
439,0.5306772937821588,0.8119813236283251,1
440,0.6009824398065987,0.8129443561629439,1
441,0.8003797935356822,0.8146043745843359,1
442,0.6528519052149455,0.8147204480246025,1
443,0.7346545048497956,0.8164798866902259,1
444,0.6955816356592998,0.8165769211126288,1
445,0.661393659868229,0.8184158686658914,1
446,0.6906957281749936,0.818675059896526,1
447,0.6953091322833601,0.820795379138154,1
448,0.5231306487240961,0.8208928468466321,1
449,0.4250189064984816,0.8237387817955412,1
450,0.7620523620207854,0.8246036006657427,1
451,0.7167133316527046,0.8269798754074413,1
452,0.793194885437957,0.827366954442415,1
453,0.7845798087572642,0.8288942862027858,1
454,0.8053052843598899,0.8304416667567699,1
455,0.5197291611797645,0.8314473411433472,1
456,0.5332896348542325,0.8319365581831176,1
457,0.39209036853879564,0.8322185660846031,1
458,0.3938180832814384,0.8325903523879566,1
459,0.5701200904437138,0.8332746183975984,1
460,0.6992091125398305,0.8342185653700761,1
461,0.571919991520041,0.835303298837012,1
462,0.6539053607290249,0.8353349303793505,1
463,0.7813629718674797,0.8353729969234043,1
464,0.7744081033867963,0.8359482486324934,1
465,0.4184996896196035,0.8365231508132404,1
466,0.7997646326410275,0.8365313165829223,1
467,0.5225896171361375,0.8371666821878773,1
468,0.6605457276276279,0.8373675744697733,1
469,0.7751406065178286,0.8386347487540112,1
470,0.8299971761173897,0.8403754086058483,1
471,0.7683914978970168,0.8422658905421146,1
472,0.5167061897581166,0.8456584646962706,1
473,0.6459253026989643,0.8472728943783631,1
474,0.425053127237664,0.8474682819177077,1
475,0.7977304326260252,0.8483456996798697,1
476,0.7619175135349737,0.8494638828510902,1
477,0.6354135153905851,0.8498331563793655,1
478,0.7113402222135562,0.8500288681856358,1
479,0.6337072181309814,0.8531967794110955,1
480,0.8548619752888631,0.8579558492455671,1
481,0.7892810492510324,0.8599094315873506,1
482,0.6289959170681392,0.8602817677977721,1
483,0.6602110265344375,0.8605558286582515,1
484,0.766397286390075,0.8610206918127684,1
485,0.7591004026802314,0.8615233454555474,1
486,0.5616885021795399,0.8616385568410383,1
487,0.5496204532611436,0.8616461698370049,1
488,0.6647659361319076,0.8618015151830354,1
489,0.4885815446749193,0.8621378436069912,1
490,0.6504537430958963,0.8624738559953881,1
491,0.5278256445674834,0.8639357339004633,1
492,0.7987781531286661,0.8640048098673362,1
493,0.7535046233661112,0.8640150969196779,1
494,0.7504479252735096,0.8653954752184199,1
495,0.7893019755384788,0.8667160820966822,1
496,0.8514493221117226,0.8667328884188609,1
497,0.7356257793367756,0.8687633284439352,1
498,0.6124889371173352,0.8689238161696861,1
499,0.796194688875178,0.869757744708807,1
500,0.719521502679807,0.8706496557691465,1
501,0.578852110772469,0.8728669196882515,1
502,0.8170314702760866,0.8745005464406765,1
503,0.44870433442678226,0.8753039751770113,1
504,0.8608356206726204,0.8771551898797066,1
505,0.8497001271609241,0.8785588956784129,1
506,0.8138017146462352,0.8798125839929082,1
507,0.6064448688857274,0.8798694419668014,1
508,0.6254041208312741,0.8800024600313937,1
509,0.7806790794466743,0.8804369333776155,1
510,0.6904924700318582,0.8808682361603187,1
511,0.6547745167559853,0.8820813831281471,1
512,0.8322482941579474,0.8822552057177919,1
513,0.6994560825839305,0.8842853262181,1
514,0.617652693275312,0.8843763245183915,1
515,0.5597474525696692,0.8854371932797389,1
516,0.44548861609016777,0.8862669538301903,1
517,0.8320812821518446,0.8867167675741686,1
518,0.4737298500976903,0.8870847666566599,1
519,0.8392691215616213,0.8872698356642221,1
520,0.5168754729508995,0.8878219311707839,1
521,0.8216249339676386,0.8893449990960876,1
522,0.7940699567997014,0.8905234362756398,1
523,0.6315934075019386,0.891990665909532,1
524,0.544383894149213,0.8929376567943005,1
525,0.8479979194775857,0.892945368574139,1
526,0.845659651642797,0.8953468885335979,1
527,0.6220469666579556,0.8980555741007755,1
528,0.8747576683426365,0.8989015758629036,1
529,0.7907472201432797,0.9011144688057059,1
530,0.4974664399167935,0.9011488289183976,1
531,0.431742125318459,0.9012481151020666,1
532,0.737261405332222,0.9031423173951979,1
533,0.8515421485696272,0.9034591001555144,1
534,0.5940605457623248,0.9034922442428412,1
535,0.5042608826270738,0.9042951452248896,1
536,0.627337051006414,0.9049367162198191,1
537,0.5095542765183312,0.9055803888180799,1
538,0.3891474715359474,0.9057012590120198,1
539,0.7651641140473202,0.9064558279353554,1
540,0.7059775186977527,0.9064707726522635,1
541,0.5728894318803271,0.9069428252802014,1
542,0.8391810967539596,0.9073188512585567,1
543,0.8584070847324738,0.9096614895638254,1
544,0.6104440803910093,0.9106478210270766,1
545,0.5446730051078693,0.9111446758837282,1
546,0.7665160261258188,0.9113513999337404,1
547,0.6110755340866545,0.9117826972413934,1
548,0.43942844271138315,0.9130818652311875,1
549,0.6503706778215265,0.9136682374305476,1
550,0.6842332149109048,0.9137949295094393,1
551,0.6662027141950295,0.9140796787528958,1
552,0.8927537193962446,0.9162214656750008,1
553,0.46793312069517723,0.9164963311763598,1
554,0.818750000776321,0.9165407245077286,1
555,0.5551483035805967,0.9165919632647251,1
556,0.8474951407905632,0.9182940531432487,1
557,0.7338986734032732,0.9183704138250794,1
558,0.7384889871256052,0.9185095096915931,1
559,0.8210106272087321,0.919847926867464,1
560,0.7506703339447606,0.9203515470701883,1
561,0.799710046180036,0.9204148689400702,1
562,0.6829937058811613,0.9207261854487019,1
563,0.8630883752386417,0.9218196732416942,1
564,0.8820802116640266,0.9224740034950532,1
565,0.7958028368939206,0.9244442456298836,1
566,0.6494050102545146,0.9245231631523577,1
567,0.8223031367001027,0.9254229287093184,1
568,0.6315472587680446,0.9262757606602862,1
569,0.8892558372672624,0.9264379238587889,1
570,0.4964751656072026,0.9274740888052897,1
571,0.8382311127638897,0.9275690208551786,1
572,0.4852528392906923,0.9277127208918996,1
573,0.7982698589514312,0.9277279890776694,1
574,0.6322436454240317,0.929470507615486,1
575,0.7950275159564463,0.9295234486420794,1
576,0.656164920354332,0.9299099963696279,1
577,0.8545309819272507,0.9302936822360052,1
578,0.6278288606238298,0.9328608037928091,1
579,0.6609390192797718,0.9336537557329712,1
580,0.766990269950115,0.9336744798893647,1
581,0.6265358348454165,0.9338718151221572,1
582,0.44884577875459597,0.9339155826084804,1
583,0.6934503057903726,0.9339395503575906,1
584,0.5109379120964377,0.9339651353854563,1
585,0.5387205821981946,0.9356023612243398,1
586,0.7586407285674804,0.9358140521484708,1
587,0.7346545048497956,0.9373183565025385,1
588,0.7662438508126784,0.9376784287384591,1
589,0.5905120239696023,0.9376994923381399,1
590,0.6700446922674076,0.938062067779094,1
591,0.8842453501799857,0.9383129837741178,1
592,0.8542473103744483,0.9384123067415686,1
593,0.5423985297642888,0.9387220419185419,1
594,0.42621776194879835,0.9388559678578287,1
595,0.5333702128357447,0.9389014064121868,1
596,0.9006346022559019,0.938929330138529,1
597,0.4258951830283896,0.9390112700790004,1
598,0.8639222371099172,0.9394348874242416,1
599,0.6712138763172665,0.9401741972939508,1
600,0.857723316941868,0.9409248849507248,1
601,0.6706882736928289,0.9414566342008799,1
602,0.6432681559569674,0.9417020073613914,1
603,0.5610826983458862,0.9421347414511047,1
604,0.4911452650384506,0.9429909185791402,1
605,0.7243917889309751,0.9434595122990456,1
606,0.5430407601281004,0.9440173653072323,1
607,0.9255716387097631,0.945021070067195,1
608,0.5453995991004608,0.9454399697386484,1
609,0.8986066846371423,0.9455486984461074,1
610,0.5809185491313046,0.947424767240333,1
611,0.9051705307901724,0.9478888167704206,1
612,0.5000664320509092,0.947962837844822,1
613,0.6042535264687764,0.9480537245592587,1
614,0.8820802116640266,0.9485709522487943,1
615,0.5355018041172145,0.9486104308032836,1
616,0.8013564979767656,0.9503589774708145,1
617,0.7038777953538222,0.9507675021080478,1
618,0.41859151834557473,0.9510380204499118,1
619,0.3890419864005912,0.9521494669527729,1
620,0.7539537241324037,0.9525440504716587,1
621,0.511206139926586,0.9526155129709951,1
622,0.7603929460766751,0.952627977975309,1
623,0.9413050307103662,0.9527463799091204,1
624,0.7229112642000696,0.9546036339847537,1
625,0.5091170572075859,0.9547667243658652,1
626,0.8531210686262395,0.9555026431100344,1
627,0.43929073429957444,0.9559031750711765,1
628,0.6374207507397431,0.95654769927502,1
629,0.593898351911923,0.9567440833230434,1
630,0.6967283387816492,0.9568088327453932,1
631,0.504581376132775,0.9569269477285236,1
632,0.7112550640430408,0.9571671730265919,1
633,0.7113402222135562,0.9575225209985734,1
634,0.6932258480621472,0.9579919963677102,1
635,0.3700549074500903,0.9580035596792797,1
636,0.549912002792914,0.9584999439616811,1
637,0.6904924700318582,0.9600657490498433,1
638,0.7722965240173706,0.9600880567488689,1
639,0.6575161504214717,0.960689511842046,1
640,0.4995223986240097,0.9613426376567624,1
641,0.5987883626539569,0.9617682514423163,1
642,0.6115171493082817,0.9619373254306703,1
643,0.665754063187307,0.9622562718138629,1
644,0.7986612385186983,0.9630265672780918,1
645,0.7081536855998551,0.9634138648260656,1
646,0.6704953731471115,0.9644619828183371,1
647,0.7375836406301296,0.9646806020455827,1
648,0.553542337430938,0.9649560747179464,1
649,0.6499962710338416,0.9651494663661832,1
650,0.6410995614137165,0.9651721062230305,1
651,0.7101989322664173,0.9661044733004935,1
652,0.5258721723387936,0.9669001947969524,1
653,0.5425024437056278,0.9670606868980723,1
654,0.5414459761334238,0.9670613453249843,1
655,0.8067633942555908,0.9673250195335531,1
656,0.7375836406301296,0.9675465862174689,1
657,0.48345831141568296,0.9675755527418912,1
658,0.5454982163008986,0.9681059701524019,1
659,0.8322123199969872,0.9681622764510562,1
660,0.5869451738298855,0.969065340533374,1
661,0.5440055128830084,0.9692582913853963,1
662,0.8244417199301828,0.9695873173840276,1
663,0.6029257606048628,0.9701169251791293,1
664,0.6437747566129587,0.970222592718737,1
665,0.6999798983679643,0.970615749259238,1
666,0.5969834950325354,0.9710953643819572,1
667,0.5949504344550001,0.9711485532238189,1
668,0.4918743280990242,0.9713011260146175,1
669,0.8101214554518286,0.9714535952406579,1
670,0.5776197106505219,0.9718894551621537,1
671,0.5466822564871934,0.9726063638665927,1
672,0.44035626689629537,0.972783105320005,1
673,0.6564094607321228,0.9747025046761919,1
674,0.44308079024067093,0.9747748252630855,1
675,0.559157716163409,0.9747907112582147,1
676,0.45446333871299927,0.975492306772085,1
677,0.6785487020202724,0.9761869540982647,1
678,0.7818780285378896,0.9767185816053904,1
679,0.5379888504356807,0.9774186554750547,1
680,0.8459734234155258,0.9781142043717681,1
681,0.6965220148772571,0.978560374485374,1
682,0.5811102879823582,0.9790113594804012,1
683,0.9197738673413848,0.9798612903263486,1
684,0.7042699299498519,0.9798680815383719,1
685,0.7907718770161076,0.9802685970858867,1
686,0.7806822769222802,0.9806367901172882,1
687,0.7765670418245215,0.9814399190003836,1
688,0.6868757725307387,0.9815458262791132,1
689,0.665754063187307,0.9815890972452702,1
690,0.5389622545755776,0.981602912109914,1
691,0.8596342720117217,0.9820973758754057,1
692,0.7460905837489271,0.9826572224236838,1
693,0.5486064143852274,0.9829986302818019,1
694,0.6951625809716147,0.9835389366602126,1
695,0.597933544246542,0.983903885360644,1
696,0.42747173535951744,0.9842468741940753,1
697,0.49186932522816984,0.9845223819404743,1
698,0.5651929667793649,0.9845818425497641,1
699,0.45282091707827477,0.9854285646722489,1
700,0.536828070929434,0.9857010360266331,1
701,0.5609321040072512,0.9857366665468761,1
702,0.8988978781516677,0.9869676169338021,1
703,0.4825712390956377,0.9872089100986906,1
704,0.6455127688652591,0.9872156811116123,1
705,0.5768538955950383,0.9880025023167933,1
706,0.6473252845745496,0.9880948037110364,1
707,0.5924632175714254,0.98832182386278,1
708,0.5059232540995414,0.9884309563710564,1
709,0.761974635111088,0.9885384487744424,1
710,0.7603929460766751,0.9889585208294008,1
711,0.4611796072932659,0.989409412514244,1
712,0.7035807706687334,0.9898301934998869,1
713,0.5183061090695837,0.9898927298234174,1
714,0.5359864781776948,0.9907103166850335,1
715,0.608557661337698,0.9907840435605542,1
716,0.5143427610570629,0.9909922466074584,1
717,0.561783739625591,0.9910619168672655,1
718,0.8270635717456264,0.9911446400698627,1
719,0.6700846932595612,0.9918581169388415,1
720,0.521425426789623,0.9926472399336469,1
721,0.49651599737847374,0.9928363180622577,1
722,0.5866040070998583,0.9948642677050145,1
723,0.5707518120447718,0.9950807650409936,1
724,0.5812082268309648,0.9957379594478998,1
725,0.4950986696998979,0.9961447943740743,1
726,0.640022426522405,0.996928038655355,1
727,0.47942391152336117,0.9969769014932796,1
728,0.5657365472139283,0.9973498134034744,1
729,0.66075263587671,0.9977735041613824,1
730,0.5159686083124857,0.9984273799021681,1
731,0.4258951830283896,0.9988621995272404,1
732,0.5274510180677047,0.9989604618605641,1
733,0.5550697069382111,0.9991088720036718,1
734,0.5002175367497181,0.9991095970302586,1
735,0.0011901811944405871,inf,0
736,0.4762207562620304,inf,1
737,0.5190216971836278,inf,1
